-- =============================================================================
-- KAPOMTIFY - Full Dataset Insert
-- Based on schema in message.txt and UI screenshots
-- =============================================================================

-- =============================================
-- 1. subscription_plan (Fixed 5 plans as shown in UI)
-- =============================================
INSERT INTO subscription_plan (plan_code, plan_name, price, duration_day, description) VALUES
('P001', 'Free',       0,   30,  'รับชมโฆษณาเพื่อความบันเทิง'),
('P002', 'Student',    59,  30,  'ประหยัดงบเพื่อวัยเรียน'),
('P003', 'Individual', 139, 30,  'อิสระแห่งการฟังที่เป็นตัวคุณที่สุด'),
('P004', 'Duo',        189, 30,  'แชร์จังหวะชีวิตไปพร้อมกับคนพิเศษ'),
('P005', 'Family',     219, 30,  'ความสุขของทุกคนในบ้าน');

-- =============================================
-- 2. users  (60 rows)
-- =============================================
INSERT INTO users (user_code, username, gender, country, email, password_hash, display_name, profile_image_url, role, created_at) VALUES
('U001', 'choyu_boy',        'Male',   'Australia', 'choyu@email.com',          '$2b$12$aaa', 'Choyu Boy',         'https://api.dicebear.com/7.x/bottts/svg?seed=U001', 'user', '2010-12-01'),
('U002', 'hoijub',           'Male',   'Singapore', 'hoijub@email.com',         '$2b$12$bbb', 'Hoijub',            'https://api.dicebear.com/7.x/bottts/svg?seed=U002', 'user', '2010-10-01'),
('U003', 'thna',             'Female', 'Malaysia', 'thna@email.com',           '$2b$12$ccc', 'Thna',              'https://api.dicebear.com/7.x/bottts/svg?seed=U003', 'user', '2011-04-15'),
('U004', 'deng_h__',         'Male',   'South Korea', 'dengh@email.com',          '$2b$12$ddd', 'Deng H__',          'https://api.dicebear.com/7.x/bottts/svg?seed=U004', 'user', '2015-08-04'),
('U005', 'cop_don_hoi_lhod', 'Male',   'Sweden'  , 'copdon@email.com',         '$2b$12$eee', 'Cop Don Hoi Lhod',  'https://api.dicebear.com/7.x/bottts/svg?seed=U005', 'user', '2003-09-01'),
('U006', 'not_good_in',      'Female', 'France'  , 'notgoodin@email.com',      '$2b$12$fff', 'Not good in',       'https://api.dicebear.com/7.x/bottts/svg?seed=U006', 'user', '1999-12-01'),
('U007', 'sunflower_z',      'Female', 'Thailand', 'sunflower@email.com',      '$2b$12$ggg', 'Sunflower Z',       'https://api.dicebear.com/7.x/bottts/svg?seed=U007', 'user', '2014-03-22'),
('U008', 'nook_nook',        'Male',   'Spain'   , 'nooknook@email.com',       '$2b$12$hhh', 'Nook Nook',         'https://api.dicebear.com/7.x/bottts/svg?seed=U008', 'user', '2016-07-11'),
('U009', 'pla_wan',          'Female', 'Canada'  , 'plawan@email.com',         '$2b$12$iii', 'Pla Wan',           'https://api.dicebear.com/7.x/bottts/svg?seed=U009', 'user', '2018-01-05'),
('U010', 'ton_mak',          'Male',   'Mexico'  , 'tonmak@email.com',         '$2b$12$jjj', 'Ton Mak',           'https://api.dicebear.com/7.x/bottts/svg?seed=U010', 'user', '2012-09-30'),
('U011', 'minty_fresh',      'Female', 'Taiwan'  , 'minty@email.com',          '$2b$12$kkk', 'Minty Fresh',       'https://api.dicebear.com/7.x/bottts/svg?seed=U011', 'user', '2013-05-17'),
('U012', 'bank_p',           'Male',   'Germany' , 'bankp@email.com',          '$2b$12$lll', 'Bank P',            'https://api.dicebear.com/7.x/bottts/svg?seed=U012', 'user', '2017-11-08'),
('U013', 'jaja_cool',        'Female', 'Thailand', 'jajacool@email.com',       '$2b$12$mmm', 'Jaja Cool',         'https://api.dicebear.com/7.x/bottts/svg?seed=U013', 'user', '2020-02-14'),
('U014', 'bong_lek',         'Male',   'South Korea', 'bonglek@email.com',        '$2b$12$nnn', 'Bong Lek',          'https://api.dicebear.com/7.x/bottts/svg?seed=U014', 'user', '2008-06-03'),
('U015', 'arm_music',        'Male',   'Thailand', 'armmusic@email.com',       '$2b$12$ooo', 'Arm Music',         'https://api.dicebear.com/7.x/bottts/svg?seed=U015', 'user', '2019-08-19'),
('U016', 'pat_dee',          'Female', 'Australia', 'patdee@email.com',         '$2b$12$ppp', 'Pat Dee',           'https://api.dicebear.com/7.x/bottts/svg?seed=U016', 'user', '2021-01-01'),
('U017', 'far_away',         'Male',   'Australia', 'faraway@email.com',        '$2b$12$qqq', 'Far Away',          'https://api.dicebear.com/7.x/bottts/svg?seed=U017', 'user', '2007-04-29'),
('U018', 'lucky_star77',     'Female', 'Mexico'  , 'luckystar@email.com',      '$2b$12$rrr', 'Lucky Star',        'https://api.dicebear.com/7.x/bottts/svg?seed=U018', 'user', '2015-12-25'),
('U019', 'meen_joy',         'Female', 'Thailand', 'meenjoy@email.com',        '$2b$12$sss', 'Meen Joy',          'https://api.dicebear.com/7.x/bottts/svg?seed=U019', 'user', '2016-03-08'),
('U020', 'ple_dj',           'Male',   'Italy'   , 'pledj@email.com',          '$2b$12$ttt', 'Ple DJ',            'https://api.dicebear.com/7.x/bottts/svg?seed=U020', 'user', '2011-10-10'),
('U021', 'wawa_tune',        'Female', 'Vietnam' , 'wawatune@email.com',       '$2b$12$u01', 'Wawa Tune',         'https://api.dicebear.com/7.x/bottts/svg?seed=U021', 'user', '2013-07-07'),
('U022', 'pop_rock_88',      'Male',   'Thailand', 'poprock88@email.com',      '$2b$12$u02', 'Pop Rock 88',       'https://api.dicebear.com/7.x/bottts/svg?seed=U022', 'user', '2009-05-15'),
('U023', 'fern_nat',         'Female', 'Sweden'  , 'fernnat@email.com',        '$2b$12$u03', 'Fern Nat',          'https://api.dicebear.com/7.x/bottts/svg?seed=U023', 'user', '2022-06-01'),
('U024', 'jazz_hand',        'Male',   'Italy'   , 'jazzhand@email.com',       '$2b$12$u04', 'Jazz Hand',         'https://api.dicebear.com/7.x/bottts/svg?seed=U024', 'user', '2014-09-09'),
('U025', 'kai_night',        'Male',   'Thailand', 'kainight@email.com',       '$2b$12$u05', 'Kai Night',         'https://api.dicebear.com/7.x/bottts/svg?seed=U025', 'user', '2023-01-20'),
('U026', 'mango_bkk',        'Female', 'Taiwan'  , 'mangobkk@email.com',       '$2b$12$u06', 'Mango BKK',         'https://api.dicebear.com/7.x/bottts/svg?seed=U026', 'user', '2010-04-11'),
('U027', 'nut_indie',        'Male',   'Brazil'  , 'nutindie@email.com',       '$2b$12$u07', 'Nut Indie',         'https://api.dicebear.com/7.x/bottts/svg?seed=U027', 'user', '2018-11-30'),
('U028', 'oui_vibe',         'Female', 'Thailand', 'ouivibe@email.com',        '$2b$12$u08', 'Oui Vibe',          'https://api.dicebear.com/7.x/bottts/svg?seed=U028', 'user', '2017-08-08'),
('U029', 'pete_bass',        'Male',   'Brazil'  , 'petebass@email.com',       '$2b$12$u09', 'Pete Bass',         'https://api.dicebear.com/7.x/bottts/svg?seed=U029', 'user', '2006-02-28'),
('U030', 'rose_melody',      'Female', 'Mexico'  , 'rosemelody@email.com',     '$2b$12$u10', 'Rose Melody',       'https://api.dicebear.com/7.x/bottts/svg?seed=U030', 'user', '2020-07-04'),
('U031', 'sky_drum',         'Male',   'Thailand', 'skydrum@email.com',        '$2b$12$u11', 'Sky Drum',          'https://api.dicebear.com/7.x/bottts/svg?seed=U031', 'user', '2005-03-18'),
('U032', 'toon_hip',         'Male',   'United States', 'toonhip@email.com',        '$2b$12$u12', 'Toon Hip',          'https://api.dicebear.com/7.x/bottts/svg?seed=U032', 'user', '2019-09-09'),
('U033', 'urai_sing',        'Female', 'Taiwan'  , 'uraisin@email.com',        '$2b$12$u13', 'Urai Sing',         'https://api.dicebear.com/7.x/bottts/svg?seed=U033', 'user', '2021-12-12'),
('U034', 'van_note',         'Male',   'Australia', 'vannote@email.com',        '$2b$12$u14', 'Van Note',          'https://api.dicebear.com/7.x/bottts/svg?seed=U034', 'user', '2004-06-06'),
('U035', 'wan_cheer',        'Female', 'Vietnam' , 'wancheer@email.com',       '$2b$12$u15', 'Wan Cheer',         'https://api.dicebear.com/7.x/bottts/svg?seed=U035', 'user', '2016-10-31'),
('U036', 'xing_beat',        'Male',   'United States', 'xingbeat@email.com',       '$2b$12$u16', 'Xing Beat',         'https://api.dicebear.com/7.x/bottts/svg?seed=U036', 'user', '2023-03-03'),
('U037', 'yim_pop',          'Female', 'Thailand', 'yimpop@email.com',         '$2b$12$u17', 'Yim Pop',           'https://api.dicebear.com/7.x/bottts/svg?seed=U037', 'user', '2012-01-01'),
('U038', 'zee_wave',         'Male',   'Sweden'  , 'zeewave@email.com',        '$2b$12$u18', 'Zee Wave',          'https://api.dicebear.com/7.x/bottts/svg?seed=U038', 'user', '2008-08-08'),
('U039', 'aom_indie',        'Female', 'Brazil'  , 'aomindie@email.com',       '$2b$12$u19', 'Aom Indie',         'https://api.dicebear.com/7.x/bottts/svg?seed=U039', 'user', '2015-05-05'),
('U040', 'bew_sound',        'Male',   'Malaysia', 'bewsound@email.com',       '$2b$12$u20', 'Bew Sound',         'https://api.dicebear.com/7.x/bottts/svg?seed=U040', 'user', '2020-11-11'),
('U041', 'cha_bass',         'Male',   'Spain'   , 'chabass@email.com',        '$2b$12$u21', 'Cha Bass',          'https://api.dicebear.com/7.x/bottts/svg?seed=U041', 'user', '2007-07-07'),
('U042', 'dee_song',         'Female', 'Canada'  , 'deesong@email.com',        '$2b$12$u22', 'Dee Song',          'https://api.dicebear.com/7.x/bottts/svg?seed=U042', 'user', '2019-04-04'),
('U043', 'earn_play',        'Male',   'Brazil'  , 'earnplay@email.com',       '$2b$12$u23', 'Earn Play',         'https://api.dicebear.com/7.x/bottts/svg?seed=U043', 'user', '2013-02-02'),
('U044', 'fae_music',        'Female', 'Canada'  , 'faemusic@email.com',       '$2b$12$u24', 'Fae Music',         'https://api.dicebear.com/7.x/bottts/svg?seed=U044', 'user', '2011-06-15'),
('U045', 'gig_rock',         'Male',   'Philippines', 'gigrock@email.com',        '$2b$12$u25', 'Gig Rock',          'https://api.dicebear.com/7.x/bottts/svg?seed=U045', 'user', '2022-09-09'),
('U046', 'hong_hip',         'Male',   'Italy'   , 'honghip@email.com',        '$2b$12$u26', 'Hong Hip',          'https://api.dicebear.com/7.x/bottts/svg?seed=U046', 'user', '2018-03-22'),
('U047', 'im_jazz',          'Female', 'Malaysia', 'imjazz@email.com',         '$2b$12$u27', 'Im Jazz',           'https://api.dicebear.com/7.x/bottts/svg?seed=U047', 'user', '2009-12-30'),
('U048', 'joy_tune',         'Female', 'Spain'   , 'joytune@email.com',        '$2b$12$u28', 'Joy Tune',          'https://api.dicebear.com/7.x/bottts/svg?seed=U048', 'user', '2021-08-20'),
('U049', 'kit_vibe',         'Male',   'United Kingdom', 'kitvibe@email.com',        '$2b$12$u29', 'Kit Vibe',          'https://api.dicebear.com/7.x/bottts/svg?seed=U049', 'user', '2017-05-05'),
('U050', 'lek_strum',        'Male',   'Thailand', 'lekstrum@email.com',       '$2b$12$u30', 'Lek Strum',         'https://api.dicebear.com/7.x/bottts/svg?seed=U050', 'user', '2014-01-14'),
('U051', 'mai_chill',        'Female', 'Sweden'  , 'maichill@email.com',       '$2b$12$u31', 'Mai Chill',         'https://api.dicebear.com/7.x/bottts/svg?seed=U051', 'user', '2023-06-06'),
('U052', 'nen_beat',         'Male',   'Thailand', 'nenbeat@email.com',        '$2b$12$u32', 'Nen Beat',          'https://api.dicebear.com/7.x/bottts/svg?seed=U052', 'user', '2016-08-28'),
('U053', 'oh_melody',        'Female', 'Thailand', 'ohmelody@email.com',       '$2b$12$u33', 'Oh Melody',         'https://api.dicebear.com/7.x/bottts/svg?seed=U053', 'user', '2010-07-07'),
('U054', 'preaw_sound',      'Female', 'Thailand', 'preawsound@email.com',     '$2b$12$u34', 'Preaw Sound',       'https://api.dicebear.com/7.x/bottts/svg?seed=U054', 'user', '2005-11-11'),
('U055', 'q_bass',           'Male',   'Netherlands', 'qbass@email.com',          '$2b$12$u35', 'Q Bass',            'https://api.dicebear.com/7.x/bottts/svg?seed=U055', 'user', '2020-02-29'),
('U056', 'ram_note',         'Male',   'Taiwan'  , 'ramnote@email.com',        '$2b$12$u36', 'Ram Note',          'https://api.dicebear.com/7.x/bottts/svg?seed=U056', 'user', '2012-12-12'),
('U057', 'som_rock',         'Female', 'Italy'   , 'somrock@email.com',        '$2b$12$u37', 'Som Rock',          'https://api.dicebear.com/7.x/bottts/svg?seed=U057', 'user', '2018-06-18'),
('U058', 'tam_wave',         'Male',   'Japan'   , 'tamwave@email.com',        '$2b$12$u38', 'Tam Wave',          'https://api.dicebear.com/7.x/bottts/svg?seed=U058', 'user', '2007-01-01'),
('U059', 'uma_chill',        'Female', 'Taiwan'  , 'umachill@email.com',       '$2b$12$u39', 'Uma Chill',         'https://api.dicebear.com/7.x/bottts/svg?seed=U059', 'user', '2024-03-03'),
('U060', 'admin_kapom',      'Male',   'Philippines', 'admin@kapomtify.com',      'admin1234', 'Admin',             'https://api.dicebear.com/7.x/bottts/svg?seed=U060', 'admin','2023-01-01'),
('U061', 'super_kapom','Male', 'Thailand', 'superadmin@kapomtify.com', 'super1234', 'Master Kapom', 'https://img.example.com/user/22.jpg', 'super_admin', '2023-01-01');
-- =============================================
-- 3. artist  (60 rows matching A001-A060)
-- =============================================
INSERT INTO artist (artist_code, artist_name, gender, type, bio, debut_year, profile_image_url, verified_status) VALUES
('A001', 'The Richman Toy',  NULL,     'Band',   'Thai indie-rock band from Bangkok',           '2007', 'https://api.dicebear.com/7.x/identicon/svg?seed=A001', TRUE),
('A002', 'Dr. Fuu',          NULL,     'Band',   'Alternative rock band known for Dr.Empty',    '2010', 'https://api.dicebear.com/7.x/identicon/svg?seed=A002', TRUE),
('A003', 'D Gerrard',        'Male',   'Band',   'Thai hip-hop & R&B artist',                   '2011', 'https://api.dicebear.com/7.x/identicon/svg?seed=A003', TRUE),
('A004', 'The Toy',          'Male',   'Single', 'Thai pop singer-songwriter',                  '2010', 'https://api.dicebear.com/7.x/identicon/svg?seed=A004', TRUE),
('A005', 'Sirimongkol',      NULL,     'Single', 'Thai indie pop group',                        '2015', 'https://api.dicebear.com/7.x/identicon/svg?seed=A005', TRUE),
('A006', 'Three Man Down',   NULL,     'Band',   'Thai rock band with soulful ballads',         '2012', 'https://api.dicebear.com/7.x/identicon/svg?seed=A006', TRUE),
('A007', 'Bodyslam',         NULL,     'Band',   'Legendary Thai rock band',                    '1998', 'https://api.dicebear.com/7.x/identicon/svg?seed=A007', TRUE),
('A008', 'Potato',           NULL,     'Band',   'Thai rock band, known for power ballads',     '1994', 'https://api.dicebear.com/7.x/identicon/svg?seed=A008', TRUE),
('A009', 'Palaphol',         'Male',   'Single', 'Thai R&B vocalist',                           '2016', 'https://api.dicebear.com/7.x/identicon/svg?seed=A009', TRUE),
('A010', 'Slot Machine',     NULL,     'Band',   'Thai alternative rock band',                  '2002', 'https://api.dicebear.com/7.x/identicon/svg?seed=A010', TRUE),
('A011', 'Getsunova',        NULL,     'Band',   'Thai indie pop band',                         '2013', 'https://api.dicebear.com/7.x/identicon/svg?seed=A011', TRUE),
('A012', 'Musketeers',       NULL,     'Band',   'Thai indie band with chill vibes',            '2014', 'https://api.dicebear.com/7.x/identicon/svg?seed=A012', FALSE),
('A013', 'Jaonaay Chonlathit','Male',  'Single', 'Thai country folk singer',                    '2008', 'https://api.dicebear.com/7.x/identicon/svg?seed=A013', TRUE),
('A014', 'Klear',            NULL,     'Band',   'Thai pop rock quartet',                       '2006', 'https://api.dicebear.com/7.x/identicon/svg?seed=A014', TRUE),
('A015', 'Lomosonic',        NULL,     'Band',   'Thai indie lofi band',                        '2012', 'https://api.dicebear.com/7.x/identicon/svg?seed=A015', FALSE),
('A016', 'Cocktail',         NULL,     'Band',   'Thai pop rock band',                          '2003', 'https://api.dicebear.com/7.x/identicon/svg?seed=A016', TRUE),
('A017', 'Paradox',          NULL,     'Band',   'Thai hip-hop group',                          '2001', 'https://api.dicebear.com/7.x/identicon/svg?seed=A017', TRUE),
('A018', 'P Aof Pongsak',    'Male',   'Single', 'Thai pop legend',                             '1989', 'https://api.dicebear.com/7.x/identicon/svg?seed=A018', TRUE),
('A019', 'Clash',            NULL,     'Band',   'Thai punk rock band',                         '1997', 'https://api.dicebear.com/7.x/identicon/svg?seed=A019', TRUE),
('A020', 'Scrubb',           NULL,     'Band',   'Thai alternative indie duo',                  '2003', 'https://api.dicebear.com/7.x/identicon/svg?seed=A020', TRUE),
('A021', 'Proxie',           NULL,     'Band',   'Thai indie pop rising band',                  '2019', 'https://api.dicebear.com/7.x/identicon/svg?seed=A021', FALSE),
('A022', 'Labanoon',         NULL,     'Band',   'Thai ska punk band',                          '1999', 'https://api.dicebear.com/7.x/identicon/svg?seed=A022', TRUE),
('A023', 'Nont Tanont',      'Male',   'Single', 'Thai pop singer',                             '2018', 'https://api.dicebear.com/7.x/identicon/svg?seed=A023', TRUE),
('A024', 'Jetset er',        NULL,     'Band',   'Thai alternative rock band',                  '2009', 'https://api.dicebear.com/7.x/identicon/svg?seed=A024', FALSE),
('A025', 'Pause',            NULL,     'Band',   'Thai indie band',                             '2017', 'https://api.dicebear.com/7.x/identicon/svg?seed=A025', FALSE),
('A026', 'Pluem Purim',      'Male',   'Single', 'Thai pop R&B artist',                         '2020', 'https://api.dicebear.com/7.x/identicon/svg?seed=A026', FALSE),
('A027', 'Big Ass',          NULL,     'Band',   'Thai rock band',                              '1996', 'https://api.dicebear.com/7.x/identicon/svg?seed=A027', TRUE),
('A028', 'Greasy Cafe',      NULL,     'Band',   'Thai indie dream-pop',                        '2018', 'https://api.dicebear.com/7.x/identicon/svg?seed=A028', FALSE),
('A029', 'Sunshine',         NULL,     'Band',   'Thai pop group',                              '2011', 'https://api.dicebear.com/7.x/identicon/svg?seed=A029', FALSE),
('A030', 'Solitude is Bliss','Male',   'Single', 'Thai indie singer-songwriter',                '2014', 'https://api.dicebear.com/7.x/identicon/svg?seed=A030', FALSE),
('A031', 'Tilly Birds',      NULL,     'Band',   'Thai pop rock band',                          '2016', 'https://api.dicebear.com/7.x/identicon/svg?seed=A031', TRUE),
('A032', 'Lipta',            NULL,     'Band',   'Thai R&B soul band',                          '2013', 'https://api.dicebear.com/7.x/identicon/svg?seed=A032', TRUE),
('A033', 'Phum Viphurit',    'Male',   'Single', 'Thai indie pop singer',                       '2017', 'https://api.dicebear.com/7.x/identicon/svg?seed=A033', TRUE),
('A034', 'Atlas',            NULL,     'Band',   'Thai rock band',                              '2005', 'https://api.dicebear.com/7.x/identicon/svg?seed=A034', FALSE),
('A035', 'Bedroom Audio',    NULL,     'Band',   'Thai pop rock group',                         '2010', 'https://api.dicebear.com/7.x/identicon/svg?seed=A035', FALSE),
('A036', 'Lanna Commins',    'Female', 'Single', 'Thai-Australian indie artist',                '2015', 'https://api.dicebear.com/7.x/identicon/svg?seed=A036', FALSE),
('A037', 'Violette Wautier', 'Female', 'Single', 'Thai-Belgian singer-songwriter',              '2016', 'https://api.dicebear.com/7.x/identicon/svg?seed=A037', TRUE),
('A038', 'Stamp Apiwat',     'Male',   'Single', 'Thai indie pop artist',                       '2014', 'https://api.dicebear.com/7.x/identicon/svg?seed=A038', TRUE),
('A039', 'Fah Sarika',       'Female', 'Single', 'Thai pop vocalist',                           '2019', 'https://api.dicebear.com/7.x/identicon/svg?seed=A039', FALSE),
('A040', 'Vonder',           NULL,     'Band',   'Thai experimental indie',                     '2021', 'https://api.dicebear.com/7.x/identicon/svg?seed=A040', FALSE),
('A041', 'Bowkylion',        'Female', 'Single', 'Thai indie folk singer',                      '2018', 'https://api.dicebear.com/7.x/identicon/svg?seed=A041', TRUE),
('A042', 'Nanon Korapat',    'Male',   'Single', 'Thai actor and singer',                       '2021', 'https://api.dicebear.com/7.x/identicon/svg?seed=A042', TRUE),
('A043', 'Mean Phiravich',   'Male',   'Single', 'Thai pop artist',                             '2022', 'https://api.dicebear.com/7.x/identicon/svg?seed=A043', FALSE),
('A044', 'Jeff Satur',       'Male',   'Single', 'Thai singer with soulful vocals',             '2021', 'https://api.dicebear.com/7.x/identicon/svg?seed=A044', TRUE),
('A045', 'Sprite',           'Female', 'Single', 'Thai pop R&B singer',                         '2020', 'https://api.dicebear.com/7.x/identicon/svg?seed=A045', FALSE),
('A046', 'Tatoo Colour',     NULL,     'Band',   'Thai alternative band',                       '2009', 'https://api.dicebear.com/7.x/identicon/svg?seed=A046', TRUE),
('A047', 'AB Normal',        NULL,     'Band',   'Thai indie outfit',                           '2015', 'https://api.dicebear.com/7.x/identicon/svg?seed=A047', FALSE),
('A048', 'Sek Loso',         'Male',   'Single', 'Thai rock legend',                            '1993', 'https://api.dicebear.com/7.x/identicon/svg?seed=A048', TRUE),
('A049', 'Peck Palitchoke',  'Male',   'Single', 'Thai pop singer-actor',                       '2010', 'https://api.dicebear.com/7.x/identicon/svg?seed=A049', TRUE),
('A050', 'Toon Bodyslam',    'Male',   'Single', 'Frontman of Bodyslam, solo projects',         '2005', 'https://api.dicebear.com/7.x/identicon/svg?seed=A050', TRUE),
('A051', 'Zeal',             NULL,     'Band',   'Thai rock band',                              '2007', 'https://api.dicebear.com/7.x/identicon/svg?seed=A051', FALSE),
('A052', 'Singular',         NULL,     'Band',   'Thai indie pop band',                         '2020', 'https://api.dicebear.com/7.x/identicon/svg?seed=A052', FALSE),
('A053', 'Fringe',           NULL,     'Band',   'Thai dream pop band',                         '2016', 'https://api.dicebear.com/7.x/identicon/svg?seed=A053', FALSE),
('A054', 'Jannine Weigel',   'Female', 'Single', 'Thai-German pop singer',                      '2014', 'https://api.dicebear.com/7.x/identicon/svg?seed=A054', TRUE),
('A055', 'PP Krit',          'Male',   'Single', 'Thai actor-singer',                           '2022', 'https://api.dicebear.com/7.x/identicon/svg?seed=A055', TRUE),
('A056', 'Kob Jakkrit',      'Male',   'Single', 'Thai country pop singer',                     '2004', 'https://api.dicebear.com/7.x/identicon/svg?seed=A056', FALSE),
('A057', 'Gam Wichayanee',   'Female', 'Single', 'Thai luk thung legend',                       '1990', 'https://api.dicebear.com/7.x/identicon/svg?seed=A057', TRUE),
('A058', 'Wan Thanakrit',    'Male',   'Single', 'Thai hip-hop artist',                         '2019', 'https://api.dicebear.com/7.x/identicon/svg?seed=A058', FALSE),
('A059', 'Sprite feat Ink',  'Female', 'Single', 'Thai collaborative pop duo',                  '2021', 'https://api.dicebear.com/7.x/identicon/svg?seed=A059', FALSE),
('A060', 'Lil Saint',        'Male',   'Single', 'Thai trap/hip-hop emerging artist',           '2023', 'https://api.dicebear.com/7.x/identicon/svg?seed=A060', FALSE);

-- =============================================
-- 4. genre
-- =============================================
INSERT INTO genre (genre_name, description) VALUES
('Thai Rock',    'Thai-language rock music'),
('Thai Pop',     'Thai mainstream pop music'),
('Thai HipHop',  'Thai hip-hop and rap'),
('Thai Indie',   'Thai independent music scene'),
('Thai RnB',     'Thai R&B and soul'),
('Thai Folk',    'Thai folk and acoustic'),
('Thai Country', 'Thai country and luk thung'),
('Thai Punk',    'Thai punk and ska'),
('Thai Jazz',    'Thai jazz and lounge'),
('Thai Metal',   'Thai heavy metal');

-- =============================================
-- 5. album  (60 rows, AB001-AB060)
-- =============================================
INSERT INTO album (artist_id, album_code, album_name, album_type, release_date, cover_image_url) VALUES
(1,  'AB001', 'ลำนำสะดึงเลิฟยู',      'album',  '2009-06-03', 'https://picsum.photos/seed/AB001/200'),
(2,  'AB002', 'Dr.Empty',              'album',  '2016-05-28', 'https://picsum.photos/seed/AB002/200'),
(3,  'AB003', 'Dard Gerrid',           'album',  '2012-07-04', 'https://picsum.photos/seed/AB003/200'),
(4,  'AB004', 'SUN',                   'ep',     '2015-11-04', 'https://picsum.photos/seed/AB004/200'),
(5,  'AB005', 'แค่อยากจะขอ',           'album',  '2010-10-17', 'https://picsum.photos/seed/AB005/200'),
(6,  'AB006', '28',                    'album',  '2019-04-01', 'https://picsum.photos/seed/AB006/200'),
(7,  'AB007', 'เป็นต่อ',               'album',  '2005-03-15', 'https://picsum.photos/seed/AB007/200'),
(8,  'AB008', 'สักวัน',                'album',  '2003-08-20', 'https://picsum.photos/seed/AB008/200'),
(9,  'AB009', 'รู้สึก',                'ep',     '2018-02-14', 'https://picsum.photos/seed/AB009/200'),
(10, 'AB010', 'Breathe',               'album',  '2007-11-01', 'https://picsum.photos/seed/AB010/200'),
(11, 'AB011', 'กันและกัน',             'album',  '2015-06-15', 'https://picsum.photos/seed/AB011/200'),
(12, 'AB012', 'Chill Out',             'ep',     '2017-09-09', 'https://picsum.photos/seed/AB012/200'),
(13, 'AB013', 'ทุ่งหญ้า',              'album',  '2012-01-01', 'https://picsum.photos/seed/AB013/200'),
(14, 'AB014', 'Rise',                  'album',  '2010-04-04', 'https://picsum.photos/seed/AB014/200'),
(15, 'AB015', 'Lofi Nights',           'ep',     '2019-07-07', 'https://picsum.photos/seed/AB015/200'),
(16, 'AB016', 'ความรักสีขาว',           'album',  '2008-03-08', 'https://picsum.photos/seed/AB016/200'),
(17, 'AB017', 'Street Chronicles',     'album',  '2014-05-01', 'https://picsum.photos/seed/AB017/200'),
(18, 'AB018', 'เพลงรัก',               'album',  '1999-01-01', 'https://picsum.photos/seed/AB018/200'),
(19, 'AB019', 'Punk Power',            'album',  '2002-11-11', 'https://picsum.photos/seed/AB019/200'),
(20, 'AB020', 'Imaginary Friend',      'album',  '2010-09-01', 'https://picsum.photos/seed/AB020/200'),
(21, 'AB021', 'New Wave',              'single', '2022-03-03', 'https://picsum.photos/seed/AB021/200'),
(22, 'AB022', 'Ska All Day',           'album',  '2006-06-06', 'https://picsum.photos/seed/AB022/200'),
(23, 'AB023', 'Growing Up',            'ep',     '2020-08-08', 'https://picsum.photos/seed/AB023/200'),
(24, 'AB024', 'Electric Soul',         'album',  '2013-12-12', 'https://picsum.photos/seed/AB024/200'),
(25, 'AB025', 'In Between',            'ep',     '2019-01-15', 'https://picsum.photos/seed/AB025/200'),
(26, 'AB026', 'First Light',           'single', '2020-11-11', 'https://picsum.photos/seed/AB026/200'),
(27, 'AB027', 'ท้องฟ้า',               'album',  '2004-07-07', 'https://picsum.photos/seed/AB027/200'),
(28, 'AB028', 'Soft Hours',            'ep',     '2020-02-02', 'https://picsum.photos/seed/AB028/200'),
(29, 'AB029', 'Summer Glow',           'album',  '2015-06-21', 'https://picsum.photos/seed/AB029/200'),
(30, 'AB030', 'Alone Together',        'single', '2016-09-09', 'https://picsum.photos/seed/AB030/200'),
(31, 'AB031', 'Colourful',             'album',  '2019-05-01', 'https://picsum.photos/seed/AB031/200'),
(32, 'AB032', 'Deep Soul',             'album',  '2017-03-03', 'https://picsum.photos/seed/AB032/200'),
(33, 'AB033', 'Manchild',              'album',  '2019-08-16', 'https://picsum.photos/seed/AB033/200'),
(34, 'AB034', 'Horizon',               'album',  '2011-02-02', 'https://picsum.photos/seed/AB034/200'),
(35, 'AB035', 'Radio Love',            'ep',     '2014-04-04', 'https://picsum.photos/seed/AB035/200'),
(36, 'AB036', 'Southern Sky',          'ep',     '2017-10-10', 'https://picsum.photos/seed/AB036/200'),
(37, 'AB037', 'Violet',                'album',  '2018-07-07', 'https://picsum.photos/seed/AB037/200'),
(38, 'AB038', 'Postcard',              'album',  '2016-04-04', 'https://picsum.photos/seed/AB038/200'),
(39, 'AB039', 'Dreaming Out Loud',     'ep',     '2021-03-03', 'https://picsum.photos/seed/AB039/200'),
(40, 'AB040', 'Abstract',              'single', '2022-01-01', 'https://picsum.photos/seed/AB040/200'),
(41, 'AB041', 'Soft Rain',             'album',  '2020-09-09', 'https://picsum.photos/seed/AB041/200'),
(42, 'AB042', 'ดาว',                   'ep',     '2022-06-06', 'https://picsum.photos/seed/AB042/200'),
(43, 'AB043', 'คนธรรมดา',             'single', '2022-12-12', 'https://picsum.photos/seed/AB043/200'),
(44, 'AB044', 'Gravity',               'album',  '2023-02-02', 'https://picsum.photos/seed/AB044/200'),
(45, 'AB045', 'Neon Pink',             'ep',     '2021-05-05', 'https://picsum.photos/seed/AB045/200'),
(46, 'AB046', 'Colour of Time',        'album',  '2012-08-08', 'https://picsum.photos/seed/AB046/200'),
(47, 'AB047', 'Off the Record',        'ep',     '2018-11-11', 'https://picsum.photos/seed/AB047/200'),
(48, 'AB048', 'ฟ้าใหม่',               'album',  '2001-01-01', 'https://picsum.photos/seed/AB048/200'),
(49, 'AB049', 'Sunshine Road',         'album',  '2014-07-07', 'https://picsum.photos/seed/AB049/200'),
(50, 'AB050', 'Solo Sessions',         'ep',     '2009-09-09', 'https://picsum.photos/seed/AB050/200'),
(51, 'AB051', 'Thunder Road',          'album',  '2010-10-10', 'https://picsum.photos/seed/AB051/200'),
(52, 'AB052', 'Waveform',              'ep',     '2021-04-04', 'https://picsum.photos/seed/AB052/200'),
(53, 'AB053', 'Pastel Dreams',         'single', '2019-12-12', 'https://picsum.photos/seed/AB053/200'),
(54, 'AB054', 'Pieces',                'album',  '2017-06-06', 'https://picsum.photos/seed/AB054/200'),
(55, 'AB055', 'Between Lights',        'ep',     '2023-07-07', 'https://picsum.photos/seed/AB055/200'),
(56, 'AB056', 'ทุ่งดอกไม้',            'album',  '2008-05-05', 'https://picsum.photos/seed/AB056/200'),
(57, 'AB057', 'ลูกทุ่งสากล',           'album',  '1999-03-03', 'https://picsum.photos/seed/AB057/200'),
(58, 'AB058', 'Street Flow',           'ep',     '2021-11-11', 'https://picsum.photos/seed/AB058/200'),
(59, 'AB059', 'Ink & Sound',           'single', '2022-09-09', 'https://picsum.photos/seed/AB059/200'),
(60, 'AB060', 'Trap Season',           'ep',     '2023-10-10', 'https://picsum.photos/seed/AB060/200');

-- Fix AB003 cover (had typo above)
UPDATE album SET cover_image_url = 'https://picsum.photos/seed/AB003/200' WHERE album_code = 'AB003';

-- =============================================
-- 6. music  (60 rows, M001-M060)
-- =============================================
INSERT INTO music (album_id, music_code, title, release_date, duration, track_number, file_url, is_explicit) VALUES
(1,  'M001', 'กระเป้าแบบแฟนยิ้ม',          '2009-06-03', 215, 1,  'https://storage.kapomtify.com/music/M001.mp3', FALSE),
(2,  'M002', 'เศษใจเหลือเหลือ',             '2008-01-01', 238, 1,  'https://storage.kapomtify.com/music/M002.mp3', FALSE),
(3,  'M003', 'รักรักรักรักรักรักรัก (Talk Less)','2022-09-29',198,1,'https://storage.kapomtify.com/music/M003.mp3', TRUE),
(4,  'M004', 'จดหมาย',                      '2016-07-10', 272, 1,  'https://storage.kapomtify.com/music/M004.mp3', FALSE),
(5,  'M005', 'APRIL',                        '2020-04-11', 185, 1,  'https://storage.kapomtify.com/music/M005.mp3', FALSE),
(6,  'M006', 'เปิดตัวเขา',                   '2023-06-29', 221, 1,  'https://storage.kapomtify.com/music/M006.mp3', FALSE),
(7,  'M007', 'เป็นต่อ',                      '2005-03-15', 254, 2,  'https://storage.kapomtify.com/music/M007.mp3', FALSE),
(8,  'M008', 'สักวัน',                       '2003-08-20', 263, 1,  'https://storage.kapomtify.com/music/M008.mp3', FALSE),
(9,  'M009', 'รู้สึกอะไรบางอย่าง',           '2018-02-14', 207, 1,  'https://storage.kapomtify.com/music/M009.mp3', FALSE),
(10, 'M010', 'Breathe In',                   '2007-11-01', 241, 1,  'https://storage.kapomtify.com/music/M010.mp3', FALSE),
(11, 'M011', 'กันและกัน',                    '2015-06-15', 228, 1,  'https://storage.kapomtify.com/music/M011.mp3', FALSE),
(12, 'M012', 'Chill Tonight',                '2017-09-09', 195, 1,  'https://storage.kapomtify.com/music/M012.mp3', FALSE),
(13, 'M013', 'ทุ่งหญ้า',                     '2012-01-01', 310, 1,  'https://storage.kapomtify.com/music/M013.mp3', FALSE),
(14, 'M014', 'Rise Up',                      '2010-04-04', 222, 1,  'https://storage.kapomtify.com/music/M014.mp3', FALSE),
(15, 'M015', 'Late Night Lofi',              '2019-07-07', 178, 1,  'https://storage.kapomtify.com/music/M015.mp3', FALSE),
(16, 'M016', 'ความรักสีขาว',                 '2008-03-08', 257, 1,  'https://storage.kapomtify.com/music/M016.mp3', FALSE),
(17, 'M017', 'Street Life',                  '2014-05-01', 203, 1,  'https://storage.kapomtify.com/music/M017.mp3', TRUE),
(18, 'M018', 'เพลงรักเพลงแรก',               '1999-01-01', 286, 1,  'https://storage.kapomtify.com/music/M018.mp3', FALSE),
(19, 'M019', 'Punk สามัญชน',                 '2002-11-11', 175, 1,  'https://storage.kapomtify.com/music/M019.mp3', FALSE),
(20, 'M020', 'Imaginary',                    '2010-09-01', 234, 1,  'https://storage.kapomtify.com/music/M020.mp3', FALSE),
(21, 'M021', 'New Wave Rising',              '2022-03-03', 192, 1,  'https://storage.kapomtify.com/music/M021.mp3', FALSE),
(22, 'M022', 'Ska Party',                    '2006-06-06', 188, 1,  'https://storage.kapomtify.com/music/M022.mp3', FALSE),
(23, 'M023', 'Growing Pains',                '2020-08-08', 210, 1,  'https://storage.kapomtify.com/music/M023.mp3', FALSE),
(24, 'M024', 'Electric Shock',               '2013-12-12', 226, 1,  'https://storage.kapomtify.com/music/M024.mp3', FALSE),
(25, 'M025', 'In Between Days',              '2019-01-15', 199, 1,  'https://storage.kapomtify.com/music/M025.mp3', FALSE),
(26, 'M026', 'First Light',                  '2020-11-11', 183, 1,  'https://storage.kapomtify.com/music/M026.mp3', FALSE),
(27, 'M027', 'ท้องฟ้าสีครามทะเล',            '2004-07-07', 269, 1,  'https://storage.kapomtify.com/music/M027.mp3', FALSE),
(28, 'M028', 'Soft Hours',                   '2020-02-02', 207, 1,  'https://storage.kapomtify.com/music/M028.mp3', FALSE),
(29, 'M029', 'Summer Glow',                  '2015-06-21', 218, 1,  'https://storage.kapomtify.com/music/M029.mp3', FALSE),
(30, 'M030', 'Alone',                        '2016-09-09', 237, 1,  'https://storage.kapomtify.com/music/M030.mp3', FALSE),
(31, 'M031', 'Colours',                      '2019-05-01', 225, 1,  'https://storage.kapomtify.com/music/M031.mp3', FALSE),
(32, 'M032', 'Deep Inside',                  '2017-03-03', 244, 1,  'https://storage.kapomtify.com/music/M032.mp3', FALSE),
(33, 'M033', 'Lover Boy',                    '2019-08-16', 217, 1,  'https://storage.kapomtify.com/music/M033.mp3', FALSE),
(34, 'M034', 'Far Horizon',                  '2011-02-02', 253, 1,  'https://storage.kapomtify.com/music/M034.mp3', FALSE),
(35, 'M035', 'Radio Love',                   '2014-04-04', 201, 1,  'https://storage.kapomtify.com/music/M035.mp3', FALSE),
(36, 'M036', 'Southern Wind',                '2017-10-10', 213, 1,  'https://storage.kapomtify.com/music/M036.mp3', FALSE),
(37, 'M037', 'Violet Sky',                   '2018-07-07', 230, 1,  'https://storage.kapomtify.com/music/M037.mp3', FALSE),
(38, 'M038', 'Postcard',                     '2016-04-04', 222, 1,  'https://storage.kapomtify.com/music/M038.mp3', FALSE),
(39, 'M039', 'Dreaming',                     '2021-03-03', 196, 1,  'https://storage.kapomtify.com/music/M039.mp3', FALSE),
(40, 'M040', 'Abstract World',               '2022-01-01', 188, 1,  'https://storage.kapomtify.com/music/M040.mp3', FALSE),
(41, 'M041', 'Soft Rain',                    '2020-09-09', 224, 1,  'https://storage.kapomtify.com/music/M041.mp3', FALSE),
(42, 'M042', 'ดาวที่สวยที่สุด',              '2022-06-06', 208, 1,  'https://storage.kapomtify.com/music/M042.mp3', FALSE),
(43, 'M043', 'คนธรรมดา',                     '2022-12-12', 195, 1,  'https://storage.kapomtify.com/music/M043.mp3', FALSE),
(44, 'M044', 'Gravity Falls',                '2023-02-02', 235, 1,  'https://storage.kapomtify.com/music/M044.mp3', FALSE),
(45, 'M045', 'Neon Pink',                    '2021-05-05', 191, 1,  'https://storage.kapomtify.com/music/M045.mp3', FALSE),
(46, 'M046', 'Colour of Time',               '2012-08-08', 248, 1,  'https://storage.kapomtify.com/music/M046.mp3', FALSE),
(47, 'M047', 'Off Record',                   '2018-11-11', 203, 1,  'https://storage.kapomtify.com/music/M047.mp3', FALSE),
(48, 'M048', 'ฟ้าใหม่วันนี้',                '2001-01-01', 277, 1,  'https://storage.kapomtify.com/music/M048.mp3', FALSE),
(49, 'M049', 'Sunshine Road',                '2014-07-07', 219, 1,  'https://storage.kapomtify.com/music/M049.mp3', FALSE),
(50, 'M050', 'Solo',                         '2009-09-09', 232, 1,  'https://storage.kapomtify.com/music/M050.mp3', FALSE),
(51, 'M051', 'Thunder',                      '2010-10-10', 245, 1,  'https://storage.kapomtify.com/music/M051.mp3', FALSE),
(52, 'M052', 'Waveform',                     '2021-04-04', 200, 1,  'https://storage.kapomtify.com/music/M052.mp3', FALSE),
(53, 'M053', 'Pastel',                       '2019-12-12', 182, 1,  'https://storage.kapomtify.com/music/M053.mp3', FALSE),
(54, 'M054', 'Pieces of Me',                 '2017-06-06', 240, 1,  'https://storage.kapomtify.com/music/M054.mp3', FALSE),
(55, 'M055', 'Between Lights',               '2023-07-07', 197, 1,  'https://storage.kapomtify.com/music/M055.mp3', FALSE),
(56, 'M056', 'ทุ่งดอกไม้บาน',               '2008-05-05', 298, 1,  'https://storage.kapomtify.com/music/M056.mp3', FALSE),
(57, 'M057', 'ลูกทุ่งสากล',                  '1999-03-03', 312, 1,  'https://storage.kapomtify.com/music/M057.mp3', FALSE),
(58, 'M058', 'Flow',                         '2021-11-11', 193, 1,  'https://storage.kapomtify.com/music/M058.mp3', TRUE),
(59, 'M059', 'Ink & Sound',                  '2022-09-09', 186, 1,  'https://storage.kapomtify.com/music/M059.mp3', FALSE),
(60, 'M060', 'Trap Season',                  '2023-10-10', 175, 1,  'https://storage.kapomtify.com/music/M060.mp3', TRUE);

-- =============================================
-- 7. music_artist
-- =============================================
INSERT INTO music_artist (music_id, artist_id, role) VALUES
(1,  1,  'Main Artist'),
(2,  2,  'Main Artist'),
(3,  3,  'Main Artist'),
(4,  4,  'Main Artist'),
(5,  5,  'Main Artist'),
(6,  6,  'Main Artist'),
(7,  7,  'Main Artist'),
(8,  8,  'Main Artist'),
(9,  9,  'Main Artist'),
(10, 10, 'Main Artist'),
(11, 11, 'Main Artist'),
(12, 12, 'Main Artist'),
(13, 13, 'Main Artist'),
(14, 14, 'Main Artist'),
(15, 15, 'Main Artist'),
(16, 16, 'Main Artist'),
(17, 17, 'Main Artist'),
(18, 18, 'Main Artist'),
(19, 19, 'Main Artist'),
(20, 20, 'Main Artist'),
(21, 21, 'Main Artist'),
(22, 22, 'Main Artist'),
(23, 23, 'Main Artist'),
(24, 24, 'Main Artist'),
(25, 25, 'Main Artist'),
(26, 26, 'Main Artist'),
(27, 27, 'Main Artist'),
(28, 28, 'Main Artist'),
(29, 29, 'Main Artist'),
(30, 30, 'Main Artist'),
(31, 31, 'Main Artist'),
(32, 32, 'Main Artist'),
(33, 33, 'Main Artist'),
(34, 34, 'Main Artist'),
(35, 35, 'Main Artist'),
(36, 36, 'Main Artist'),
(37, 37, 'Main Artist'),
(38, 38, 'Main Artist'),
(39, 39, 'Main Artist'),
(40, 40, 'Main Artist'),
(41, 41, 'Main Artist'),
(42, 42, 'Main Artist'),
(43, 43, 'Main Artist'),
(44, 44, 'Main Artist'),
(45, 45, 'Main Artist'),
(46, 46, 'Main Artist'),
(47, 47, 'Main Artist'),
(48, 48, 'Main Artist'),
(49, 49, 'Main Artist'),
(50, 50, 'Main Artist'),
(51, 51, 'Main Artist'),
(52, 52, 'Main Artist'),
(53, 53, 'Main Artist'),
(54, 54, 'Main Artist'),
(55, 55, 'Main Artist'),
(56, 56, 'Main Artist'),
(57, 57, 'Main Artist'),
(58, 58, 'Main Artist'),
(59, 59, 'Main Artist'),
(60, 60, 'Main Artist'),
-- Featured artists
(3,  4,  'Featured'),
(17, 3,  'Featured'),
(33, 26, 'Featured'),
(58, 60, 'Featured');

-- =============================================
-- 8. music_genre
-- =============================================
INSERT INTO music_genre (music_id, genre_id) VALUES
(1,1),(2,2),(3,3),(4,2),(5,4),(6,1),(7,1),(8,1),(9,5),(10,4),
(11,4),(12,4),(13,6),(14,1),(15,4),(16,2),(17,3),(18,2),(19,8),(20,4),
(21,4),(22,8),(23,2),(24,1),(25,4),(26,5),(27,1),(28,4),(29,2),(30,4),
(31,2),(32,5),(33,4),(34,1),(35,2),(36,6),(37,2),(38,4),(39,4),(40,4),
(41,4),(42,2),(43,2),(44,2),(45,2),(46,1),(47,4),(48,1),(49,2),(50,1),
(51,1),(52,4),(53,4),(54,2),(55,4),(56,7),(57,7),(58,3),(59,5),(60,3);

-- =============================================
-- 9. chart  (12 rows for 12 months – 2 pages of 6)
-- =============================================
INSERT INTO chart (chart_code, chart_name, description, chart_date) VALUES
('CH001', 'Monthly Hot 10', 'Top 10 songs of the month', '2025-01-31'),
('CH002', 'Monthly Hot 10', 'Top 10 songs of the month', '2025-02-28'),
('CH003', 'Monthly Hot 10', 'Top 10 songs of the month', '2025-03-31'),
('CH004', 'Monthly Hot 10', 'Top 10 songs of the month', '2025-04-30'),
('CH005', 'Monthly Hot 10', 'Top 10 songs of the month', '2025-05-31'),
('CH006', 'Monthly Hot 10', 'Top 10 songs of the month', '2025-06-30'),
('CH007', 'Monthly Hot 10', 'Top 10 songs of the month', '2024-07-31'),
('CH008', 'Monthly Hot 10', 'Top 10 songs of the month', '2024-08-31'),
('CH009', 'Monthly Hot 10', 'Top 10 songs of the month', '2024-09-30'),
('CH010', 'Monthly Hot 10', 'Top 10 songs of the month', '2024-10-31'),
('CH011', 'Monthly Hot 10', 'Top 10 songs of the month', '2024-11-30'),
('CH012', 'Monthly Hot 10', 'Top 10 songs of the month', '2024-12-31');

-- =============================================
-- 10. music_chart  (10 songs per chart)
-- =============================================
INSERT INTO music_chart (chart_id, music_id, entry_date, last_rank, peak_rank) VALUES
-- Chart 1 Jan 2025
(1,18,'2025-01-01',1,1),(1,7,'2025-01-01',2,1),(1,13,'2025-01-01',3,2),
(1,8,'2025-01-01',4,3),(1,27,'2025-01-01',5,4),(1,16,'2025-01-01',6,5),
(1,3,'2025-01-01',7,6),(1,33,'2025-01-01',8,7),(1,57,'2025-01-01',9,8),
(1,48,'2025-01-01',10,9),
-- Chart 2 Feb 2025
(2,18,'2025-02-01',1,1),(2,7,'2025-02-01',2,1),(2,33,'2025-02-01',3,2),
(2,13,'2025-02-01',4,3),(2,3,'2025-02-01',5,4),(2,16,'2025-02-01',6,5),
(2,27,'2025-02-01',7,6),(2,4,'2025-02-01',8,7),(2,57,'2025-02-01',9,8),
(2,8,'2025-02-01',10,9),
-- Chart 3 Mar 2025
(3,33,'2025-03-01',1,1),(3,18,'2025-03-01',2,1),(3,3,'2025-03-01',3,2),
(3,7,'2025-03-01',4,2),(3,16,'2025-03-01',5,4),(3,4,'2025-03-01',6,5),
(3,13,'2025-03-01',7,6),(3,42,'2025-03-01',8,7),(3,27,'2025-03-01',9,8),
(3,43,'2025-03-01',10,9),
-- Chart 4 Apr 2025
(4,3,'2025-04-01',1,1),(4,33,'2025-04-01',2,1),(4,18,'2025-04-01',3,2),
(4,4,'2025-04-01',4,3),(4,42,'2025-04-01',5,4),(4,43,'2025-04-01',6,5),
(4,7,'2025-04-01',7,5),(4,16,'2025-04-01',8,7),(4,6,'2025-04-01',9,8),
(4,44,'2025-04-01',10,9),
-- Chart 5 May 2025
(5,6,'2025-05-01',1,1),(5,3,'2025-05-01',2,1),(5,44,'2025-05-01',3,2),
(5,33,'2025-05-01',4,3),(5,43,'2025-05-01',5,4),(5,42,'2025-05-01',6,5),
(5,55,'2025-05-01',7,6),(5,18,'2025-05-01',8,6),(5,60,'2025-05-01',9,8),
(5,4,'2025-05-01',10,9),
-- Chart 6 Jun 2025
(6,6,'2025-06-01',1,1),(6,55,'2025-06-01',2,1),(6,60,'2025-06-01',3,2),
(6,44,'2025-06-01',4,3),(6,3,'2025-06-01',5,4),(6,42,'2025-06-01',6,5),
(6,43,'2025-06-01',7,6),(6,33,'2025-06-01',8,7),(6,58,'2025-06-01',9,8),
(6,59,'2025-06-01',10,9),
-- Charts 7-12 (abbreviated 10 each)
(7,18,'2024-07-01',1,1),(7,7,'2024-07-01',2,1),(7,8,'2024-07-01',3,2),
(7,13,'2024-07-01',4,3),(7,16,'2024-07-01',5,4),(7,27,'2024-07-01',6,5),
(7,4,'2024-07-01',7,6),(7,57,'2024-07-01',8,7),(7,48,'2024-07-01',9,8),
(7,33,'2024-07-01',10,9),
(8,18,'2024-08-01',1,1),(8,33,'2024-08-01',2,1),(8,7,'2024-08-01',3,2),
(8,4,'2024-08-01',4,3),(8,13,'2024-08-01',5,4),(8,27,'2024-08-01',6,5),
(8,3,'2024-08-01',7,6),(8,16,'2024-08-01',8,7),(8,57,'2024-08-01',9,8),
(8,8,'2024-08-01',10,9),
(9,33,'2024-09-01',1,1),(9,3,'2024-09-01',2,1),(9,18,'2024-09-01',3,2),
(9,42,'2024-09-01',4,3),(9,7,'2024-09-01',5,4),(9,4,'2024-09-01',6,5),
(9,16,'2024-09-01',7,6),(9,43,'2024-09-01',8,7),(9,27,'2024-09-01',9,8),
(9,13,'2024-09-01',10,9),
(10,3,'2024-10-01',1,1),(10,33,'2024-10-01',2,1),(10,42,'2024-10-01',3,2),
(10,43,'2024-10-01',4,3),(10,18,'2024-10-01',5,4),(10,6,'2024-10-01',6,5),
(10,7,'2024-10-01',7,6),(10,44,'2024-10-01',8,7),(10,4,'2024-10-01',9,8),
(10,16,'2024-10-01',10,9),
(11,6,'2024-11-01',1,1),(11,3,'2024-11-01',2,1),(11,44,'2024-11-01',3,2),
(11,33,'2024-11-01',4,3),(11,42,'2024-11-01',5,4),(11,43,'2024-11-01',6,5),
(11,18,'2024-11-01',7,6),(11,60,'2024-11-01',8,7),(11,55,'2024-11-01',9,8),
(11,7,'2024-11-01',10,9),
(12,6,'2024-12-01',1,1),(12,44,'2024-12-01',2,1),(12,60,'2024-12-01',3,2),
(12,3,'2024-12-01',4,3),(12,55,'2024-12-01',5,4),(12,42,'2024-12-01',6,5),
(12,33,'2024-12-01',7,6),(12,58,'2024-12-01',8,7),(12,59,'2024-12-01',9,8),
(12,43,'2024-12-01',10,9);

-- =============================================
-- 11. transactions  (60 rows, TX-YYYY-NNN)
-- =============================================
INSERT INTO transactions (user_id, transactions_code, transaction_date, status, currency, payment_method) VALUES
(1,  'TX-2024-001', '2024-03-15 10:30:12', 'failed',    'THB', 'bank_transfer'),
(1,  'TX-2024-002', '2024-03-15 10:35:40', 'failed',    'THB', 'mobile_payment'),
(1,  'TX-2024-003', '2024-03-15 10:40:05', 'completed', 'THB', 'credit_card'),
(1,  'TX-2024-004', '2024-04-15 15:20:34', 'completed', 'THB', 'credit_card'),
(3,  'TX-2024-005', '2024-04-15 15:20:34', 'failed',    'THB', 'bank_transfer'),
(6,  'TX-2024-006', '2024-03-15 10:30:12', 'completed', 'THB', 'credit_card'),
(2,  'TX-2024-007', '2024-05-01 09:00:00', 'completed', 'THB', 'credit_card'),
(4,  'TX-2024-008', '2024-05-10 11:11:11', 'completed', 'THB', 'mobile_payment'),
(5,  'TX-2024-009', '2024-06-01 08:30:00', 'completed', 'THB', 'credit_card'),
(7,  'TX-2024-010', '2024-06-15 14:00:00', 'completed', 'THB', 'credit_card'),
(8,  'TX-2024-011', '2024-06-20 16:45:00', 'failed',    'THB', 'bank_transfer'),
(8,  'TX-2024-012', '2024-06-20 16:50:00', 'completed', 'THB', 'credit_card'),
(9,  'TX-2024-013', '2024-07-01 10:00:00', 'completed', 'THB', 'mobile_payment'),
(10, 'TX-2024-014', '2024-07-05 12:30:00', 'completed', 'THB', 'credit_card'),
(11, 'TX-2024-015', '2024-07-10 09:15:00', 'completed', 'THB', 'credit_card'),
(12, 'TX-2024-016', '2024-07-15 13:45:00', 'failed',    'THB', 'bank_transfer'),
(12, 'TX-2024-017', '2024-07-15 14:00:00', 'completed', 'THB', 'mobile_payment'),
(13, 'TX-2024-018', '2024-08-01 08:00:00', 'completed', 'THB', 'credit_card'),
(14, 'TX-2024-019', '2024-08-10 11:00:00', 'completed', 'THB', 'credit_card'),
(15, 'TX-2024-020', '2024-08-15 15:00:00', 'completed', 'THB', 'mobile_payment'),
(16, 'TX-2024-021', '2024-08-20 09:30:00', 'completed', 'THB', 'credit_card'),
(17, 'TX-2024-022', '2024-09-01 10:10:00', 'completed', 'THB', 'credit_card'),
(18, 'TX-2024-023', '2024-09-05 12:00:00', 'failed',    'THB', 'bank_transfer'),
(18, 'TX-2024-024', '2024-09-05 12:10:00', 'completed', 'THB', 'credit_card'),
(19, 'TX-2024-025', '2024-09-10 14:00:00', 'completed', 'THB', 'mobile_payment'),
(20, 'TX-2024-026', '2024-09-15 09:00:00', 'completed', 'THB', 'credit_card'),
(21, 'TX-2024-027', '2024-10-01 08:00:00', 'completed', 'THB', 'credit_card'),
(22, 'TX-2024-028', '2024-10-05 11:30:00', 'completed', 'THB', 'credit_card'),
(23, 'TX-2024-029', '2024-10-10 13:00:00', 'completed', 'THB', 'mobile_payment'),
(24, 'TX-2024-030', '2024-10-15 15:15:00', 'failed',    'THB', 'bank_transfer'),
(24, 'TX-2024-031', '2024-10-15 15:25:00', 'completed', 'THB', 'credit_card'),
(25, 'TX-2024-032', '2024-11-01 09:00:00', 'completed', 'THB', 'credit_card'),
(26, 'TX-2024-033', '2024-11-05 10:30:00', 'completed', 'THB', 'mobile_payment'),
(27, 'TX-2024-034', '2024-11-10 12:00:00', 'completed', 'THB', 'credit_card'),
(28, 'TX-2024-035', '2024-11-15 14:30:00', 'completed', 'THB', 'credit_card'),
(29, 'TX-2024-036', '2024-11-20 09:45:00', 'failed',    'THB', 'mobile_payment'),
(29, 'TX-2024-037', '2024-11-20 09:55:00', 'completed', 'THB', 'credit_card'),
(30, 'TX-2024-038', '2024-12-01 08:00:00', 'completed', 'THB', 'credit_card'),
(31, 'TX-2024-039', '2024-12-05 11:00:00', 'completed', 'THB', 'mobile_payment'),
(32, 'TX-2024-040', '2024-12-10 13:00:00', 'completed', 'THB', 'credit_card'),
(33, 'TX-2025-001', '2025-01-01 09:00:00', 'completed', 'THB', 'credit_card'),
(34, 'TX-2025-002', '2025-01-05 10:00:00', 'completed', 'THB', 'credit_card'),
(35, 'TX-2025-003', '2025-01-10 12:00:00', 'failed',    'THB', 'bank_transfer'),
(35, 'TX-2025-004', '2025-01-10 12:10:00', 'completed', 'THB', 'mobile_payment'),
(36, 'TX-2025-005', '2025-01-15 14:00:00', 'completed', 'THB', 'credit_card'),
(37, 'TX-2025-006', '2025-02-01 09:00:00', 'completed', 'THB', 'credit_card'),
(38, 'TX-2025-007', '2025-02-05 11:00:00', 'completed', 'THB', 'credit_card'),
(39, 'TX-2025-008', '2025-02-10 13:00:00', 'completed', 'THB', 'mobile_payment'),
(40, 'TX-2025-009', '2025-02-15 15:00:00', 'completed', 'THB', 'credit_card'),
(41, 'TX-2025-010', '2025-03-01 09:00:00', 'failed',    'THB', 'bank_transfer'),
(41, 'TX-2025-011', '2025-03-01 09:10:00', 'completed', 'THB', 'credit_card'),
(42, 'TX-2025-012', '2025-03-05 10:30:00', 'completed', 'THB', 'credit_card'),
(43, 'TX-2025-013', '2025-03-10 12:00:00', 'completed', 'THB', 'mobile_payment'),
(44, 'TX-2025-014', '2025-03-15 14:00:00', 'completed', 'THB', 'credit_card'),
(45, 'TX-2025-015', '2025-04-01 09:00:00', 'completed', 'THB', 'credit_card'),
(46, 'TX-2025-016', '2025-04-05 11:00:00', 'completed', 'THB', 'mobile_payment'),
(47, 'TX-2025-017', '2025-04-10 13:00:00', 'completed', 'THB', 'credit_card'),
(48, 'TX-2025-018', '2025-04-15 15:00:00', 'failed',    'THB', 'bank_transfer'),
(48, 'TX-2025-019', '2025-04-15 15:10:00', 'completed', 'THB', 'credit_card'),
(49, 'TX-2025-020', '2025-05-01 09:00:00', 'completed', 'THB', 'credit_card');

-- =============================================
-- 12. transaction_detail
-- =============================================
INSERT INTO transaction_detail (transaction_id, detail_id, plan_id, unit_price, quantity, period_covered) VALUES
(3,  1, 3, 139, 1, '2024-03-15'),
(4,  1, 3, 139, 1, '2024-04-15'),
(6,  1, 2, 59,  1, '2024-03-15'),
(7,  1, 1, 0,   1, '2024-05-01'),
(8,  1, 4, 189, 1, '2024-05-10'),
(9,  1, 2, 59,  1, '2024-06-01'),
(10, 1, 3, 139, 1, '2024-06-15'),
(12, 1, 3, 139, 1, '2024-06-20'),
(13, 1, 2, 59,  1, '2024-07-01'),
(14, 1, 3, 139, 1, '2024-07-05'),
(15, 1, 5, 219, 1, '2024-07-10'),
(17, 1, 4, 189, 1, '2024-07-15'),
(18, 1, 2, 59,  1, '2024-08-01'),
(19, 1, 3, 139, 1, '2024-08-10'),
(20, 1, 2, 59,  1, '2024-08-15'),
(21, 1, 3, 139, 1, '2024-08-20'),
(22, 1, 4, 189, 1, '2024-09-01'),
(24, 1, 3, 139, 1, '2024-09-05'),
(25, 1, 2, 59,  1, '2024-09-10'),
(26, 1, 5, 219, 1, '2024-09-15'),
(27, 1, 3, 139, 1, '2024-10-01'),
(28, 1, 3, 139, 1, '2024-10-05'),
(29, 1, 2, 59,  1, '2024-10-10'),
(31, 1, 4, 189, 1, '2024-10-15'),
(32, 1, 3, 139, 1, '2024-11-01'),
(33, 1, 2, 59,  1, '2024-11-05'),
(34, 1, 3, 139, 1, '2024-11-10'),
(35, 1, 5, 219, 1, '2024-11-15'),
(37, 1, 3, 139, 1, '2024-11-20'),
(38, 1, 4, 189, 1, '2024-12-01'),
(39, 1, 2, 59,  1, '2024-12-05'),
(40, 1, 3, 139, 1, '2024-12-10'),
(41, 1, 2, 59,  1, '2025-01-01'),
(42, 1, 5, 219, 1, '2025-01-05'),
(44, 1, 3, 139, 1, '2025-01-10'),
(45, 1, 4, 189, 1, '2025-01-15'),
(46, 1, 2, 59,  1, '2025-02-01'),
(47, 1, 3, 139, 1, '2025-02-05'),
(48, 1, 2, 59,  1, '2025-02-10'),
(49, 1, 3, 139, 1, '2025-02-15'),
(51, 1, 3, 139, 1, '2025-03-01'),
(52, 1, 4, 189, 1, '2025-03-05'),
(53, 1, 2, 59,  1, '2025-03-10'),
(54, 1, 5, 219, 1, '2025-03-15'),
(55, 1, 3, 139, 1, '2025-04-01'),
(56, 1, 2, 59,  1, '2025-04-05'),
(57, 1, 3, 139, 1, '2025-04-10'),
(59, 1, 3, 139, 1, '2025-04-15'),
(60, 1, 3, 139, 1, '2025-05-01');

-- =============================================
-- 13. user_subscription
-- =============================================
INSERT INTO user_subscription (user_id, subscription_id, plan_id, transaction_id, start_date, end_date, status) VALUES
(1,  1, 3, 3,  '2024-03-15', '2024-04-14', 'expired'),
(1,  2, 3, 4,  '2024-04-15', '2024-05-14', 'expired'),
(2,  1, 1, 7,  '2024-05-01', '2024-05-31', 'expired'),
(3,  1, 2, 5,  '2024-04-15', '2024-05-14', 'expired'),
(4,  1, 4, 8,  '2024-05-10', '2024-06-09', 'expired'),
(5,  1, 2, 9,  '2024-06-01', '2024-06-30', 'expired'),
(6,  1, 2, 6,  '2024-03-15', '2024-04-14', 'expired'),
(7,  1, 3, 10, '2024-06-15', '2024-07-14', 'expired'),
(8,  1, 3, 12, '2024-06-20', '2024-07-19', 'expired'),
(9,  1, 2, 13, '2024-07-01', '2024-07-31', 'expired'),
(10, 1, 3, 14, '2024-07-05', '2024-08-04', 'expired'),
(11, 1, 5, 15, '2024-07-10', '2024-08-09', 'expired'),
(12, 1, 4, 17, '2024-07-15', '2024-08-14', 'expired'),
(13, 1, 2, 18, '2024-08-01', '2024-08-31', 'expired'),
(14, 1, 3, 19, '2024-08-10', '2024-09-09', 'expired'),
(15, 1, 2, 20, '2024-08-15', '2024-09-14', 'expired'),
(16, 1, 3, 21, '2024-08-20', '2024-09-19', 'expired'),
(17, 1, 4, 22, '2024-09-01', '2024-09-30', 'expired'),
(18, 1, 3, 24, '2024-09-05', '2024-10-04', 'expired'),
(19, 1, 2, 25, '2024-09-10', '2024-10-09', 'expired'),
(20, 1, 5, 26, '2024-09-15', '2024-10-14', 'expired'),
(21, 1, 3, 27, '2024-10-01', '2024-10-31', 'active'),
(22, 1, 3, 28, '2024-10-05', '2024-11-04', 'active'),
(23, 1, 2, 29, '2024-10-10', '2024-11-09', 'active'),
(24, 1, 4, 31, '2024-10-15', '2024-11-14', 'active'),
(25, 1, 3, 32, '2024-11-01', '2024-11-30', 'active'),
(26, 1, 2, 33, '2024-11-05', '2024-12-04', 'active'),
(27, 1, 3, 34, '2024-11-10', '2024-12-09', 'active'),
(28, 1, 5, 35, '2024-11-15', '2024-12-14', 'active'),
(29, 1, 3, 37, '2024-11-20', '2024-12-19', 'active'),
(30, 1, 4, 38, '2024-12-01', '2024-12-31', 'active'),
(31, 1, 2, 39, '2024-12-05', '2025-01-04', 'active'),
(32, 1, 3, 40, '2024-12-10', '2025-01-09', 'active'),
(33, 1, 2, 41, '2025-01-01', '2025-01-31', 'active'),
(34, 1, 5, 42, '2025-01-05', '2025-02-04', 'active'),
(35, 1, 3, 44, '2025-01-10', '2025-02-09', 'active'),
(36, 1, 4, 45, '2025-01-15', '2025-02-14', 'active'),
(37, 1, 2, 46, '2025-02-01', '2025-03-02', 'active'),
(38, 1, 3, 47, '2025-02-05', '2025-03-06', 'active'),
(39, 1, 2, 48, '2025-02-10', '2025-03-11', 'active'),
(40, 1, 3, 49, '2025-02-15', '2025-03-16', 'active'),
(41, 1, 3, 51, '2025-03-01', '2025-03-31', 'active'),
(42, 1, 4, 52, '2025-03-05', '2025-04-04', 'active'),
(43, 1, 2, 53, '2025-03-10', '2025-04-09', 'active'),
(44, 1, 5, 54, '2025-03-15', '2025-04-14', 'active'),
(45, 1, 3, 55, '2025-04-01', '2025-04-30', 'active'),
(46, 1, 2, 56, '2025-04-05', '2025-05-04', 'active'),
(47, 1, 3, 57, '2025-04-10', '2025-05-09', 'active'),
(48, 1, 3, 59, '2025-04-15', '2025-05-14', 'active'),
(49, 1, 3, 60, '2025-05-01', '2025-05-31', 'active');

-- =============================================
-- 14. playlist  (60 rows, PL001-PL060)
-- =============================================
INSERT INTO playlist (user_id, playlist_code, name, description, is_public, date, update_date, create_at, cover_image_url) VALUES
(1,  'PL001', 'สวัสดีวันจันทร์',    'เพลงเริ่มต้นสัปดาห์',   TRUE,  NOW(), NOW(), NOW(), 'https://picsum.photos/seed/PL001/200'),
(6,  'PL002', 'Jamebond001',         'My Bond playlist',       TRUE,  NOW(), NOW(), NOW(), 'https://picsum.photos/seed/PL002/200'),
(5,  'PL003', 'jamjam',              'สบายๆ กินกาแฟ',          FALSE, NOW(), NOW(), NOW(), 'https://picsum.photos/seed/PL003/200'),
(3,  'PL004', 'pokolo',              'Energy booster',         FALSE, NOW(), NOW(), NOW(), 'https://picsum.photos/seed/PL004/200'),
(2,  'PL005', 'honey',               'Sweet tunes',            TRUE,  NOW(), NOW(), NOW(), 'https://picsum.photos/seed/PL005/200'),
(2,  'PL006', 'Coco',                'Evening chill',          FALSE, NOW(), NOW(), NOW(), 'https://picsum.photos/seed/PL006/200'),
(7,  'PL007', 'Thai Indie Mix',      'Best indie songs',       TRUE,  NOW(), NOW(), NOW(), 'https://picsum.photos/seed/PL007/200'),
(8,  'PL008', 'Rock Legends',        'Classic Thai rock',      TRUE,  NOW(), NOW(), NOW(), 'https://picsum.photos/seed/PL008/200'),
(9,  'PL009', 'Study Mode',          'Focus and study',        FALSE, NOW(), NOW(), NOW(), 'https://picsum.photos/seed/PL009/200'),
(10, 'PL010', 'Night Drive',         'Late night rides',       TRUE,  NOW(), NOW(), NOW(), 'https://picsum.photos/seed/PL010/200'),
(11, 'PL011', 'Morning Vibes',       'Wake up fresh',          TRUE,  NOW(), NOW(), NOW(), 'https://picsum.photos/seed/PL011/200'),
(12, 'PL012', 'HipHop Thailand',     'Best Thai rap',          FALSE, NOW(), NOW(), NOW(), 'https://picsum.photos/seed/PL012/200'),
(13, 'PL013', 'Love Songs',          'Romantic collection',    TRUE,  NOW(), NOW(), NOW(), 'https://picsum.photos/seed/PL013/200'),
(14, 'PL014', 'Road Trip',           'Drive and sing',         TRUE,  NOW(), NOW(), NOW(), 'https://picsum.photos/seed/PL014/200'),
(15, 'PL015', 'Gym Pump',            'Workout energy',         FALSE, NOW(), NOW(), NOW(), 'https://picsum.photos/seed/PL015/200'),
(16, 'PL016', 'Rainy Day',           'Cozy rain songs',        TRUE,  NOW(), NOW(), NOW(), 'https://picsum.photos/seed/PL016/200'),
(17, 'PL017', 'Throwback 2000s',     '2000s nostalgia',        TRUE,  NOW(), NOW(), NOW(), 'https://picsum.photos/seed/PL017/200'),
(18, 'PL018', 'RnB Feels',           'Smooth R&B vibes',       TRUE,  NOW(), NOW(), NOW(), 'https://picsum.photos/seed/PL018/200'),
(19, 'PL019', 'Party Mix',           'Turn it up!',            TRUE,  NOW(), NOW(), NOW(), 'https://picsum.photos/seed/PL019/200'),
(20, 'PL020', 'Acoustic Corner',     'Unplugged sessions',     FALSE, NOW(), NOW(), NOW(), 'https://picsum.photos/seed/PL020/200'),
(21, 'PL021', 'Top Charts 2025',     'Chart toppers',          TRUE,  NOW(), NOW(), NOW(), 'https://picsum.photos/seed/PL021/200'),
(22, 'PL022', 'Sad Hours',           'For the feels',          FALSE, NOW(), NOW(), NOW(), 'https://picsum.photos/seed/PL022/200'),
(23, 'PL023', 'Weekend Chill',       'Relax & enjoy',          TRUE,  NOW(), NOW(), NOW(), 'https://picsum.photos/seed/PL023/200'),
(24, 'PL024', 'Folk Journey',        'Thai folk stories',      FALSE, NOW(), NOW(), NOW(), 'https://picsum.photos/seed/PL024/200'),
(25, 'PL025', 'Electronic Pulse',    'Electronic beats',       TRUE,  NOW(), NOW(), NOW(), 'https://picsum.photos/seed/PL025/200'),
(26, 'PL026', 'Bedtime Melodies',    'Sleep easy',             FALSE, NOW(), NOW(), NOW(), 'https://picsum.photos/seed/PL026/200'),
(27, 'PL027', 'Classic Rock TH',     'Rock through ages',      TRUE,  NOW(), NOW(), NOW(), 'https://picsum.photos/seed/PL027/200'),
(28, 'PL028', 'Lofi Study',          'Lo-fi to focus',         TRUE,  NOW(), NOW(), NOW(), 'https://picsum.photos/seed/PL028/200'),
(29, 'PL029', 'Summer 2024',         'Hot season hits',        TRUE,  NOW(), NOW(), NOW(), 'https://picsum.photos/seed/PL029/200'),
(30, 'PL030', 'Slow Dance',          'Slow romantic tracks',   FALSE, NOW(), NOW(), NOW(), 'https://picsum.photos/seed/PL030/200'),
(31, 'PL031', 'Indie Discovery',     'Hidden gems',            TRUE,  NOW(), NOW(), NOW(), 'https://picsum.photos/seed/PL031/200'),
(32, 'PL032', 'Thai Pop Legends',    'Greatest Thai pop',      TRUE,  NOW(), NOW(), NOW(), 'https://picsum.photos/seed/PL032/200'),
(33, 'PL033', 'Jazz Nights',         'Smooth jazz Thai style', FALSE, NOW(), NOW(), NOW(), 'https://picsum.photos/seed/PL033/200'),
(34, 'PL034', 'Punk Power',          'Punk energy',            TRUE,  NOW(), NOW(), NOW(), 'https://picsum.photos/seed/PL034/200'),
(35, 'PL035', 'Female Vocals',       'Powerful women voices',  TRUE,  NOW(), NOW(), NOW(), 'https://picsum.photos/seed/PL035/200'),
(36, 'PL036', 'Chillin Coffee',      'Coffee shop sounds',     FALSE, NOW(), NOW(), NOW(), 'https://picsum.photos/seed/PL036/200'),
(37, 'PL037', 'Heartbreak Hotel',    'Songs for moving on',    FALSE, NOW(), NOW(), NOW(), 'https://picsum.photos/seed/PL037/200'),
(38, 'PL038', 'New Releases 2025',   'Fresh off the press',    TRUE,  NOW(), NOW(), NOW(), 'https://picsum.photos/seed/PL038/200'),
(39, 'PL039', 'Instrumental Only',   'No lyrics needed',       TRUE,  NOW(), NOW(), NOW(), 'https://picsum.photos/seed/PL039/200'),
(40, 'PL040', 'Festival Ready',      'Concert energy',         TRUE,  NOW(), NOW(), NOW(), 'https://picsum.photos/seed/PL040/200'),
(41, 'PL041', 'Karaoke Night',       'Sing your heart out',    FALSE, NOW(), NOW(), NOW(), 'https://picsum.photos/seed/PL041/200'),
(42, 'PL042', 'Late Night RnB',      'After midnight soul',    FALSE, NOW(), NOW(), NOW(), 'https://picsum.photos/seed/PL042/200'),
(43, 'PL043', 'Bright Days',         'Happy cheerful songs',   TRUE,  NOW(), NOW(), NOW(), 'https://picsum.photos/seed/PL043/200'),
(44, 'PL044', 'Deep Focus',          'Concentration mode',     FALSE, NOW(), NOW(), NOW(), 'https://picsum.photos/seed/PL044/200'),
(45, 'PL045', 'Best of 2024',        'Year-end favourites',    TRUE,  NOW(), NOW(), NOW(), 'https://picsum.photos/seed/PL045/200'),
(46, 'PL046', 'Alternative World',   'Off the mainstream',     TRUE,  NOW(), NOW(), NOW(), 'https://picsum.photos/seed/PL046/200'),
(47, 'PL047', 'Cozy Winter',         'Warm winter sounds',     FALSE, NOW(), NOW(), NOW(), 'https://picsum.photos/seed/PL047/200'),
(48, 'PL048', 'K-meets-TH',         'Thai meets K-Pop style', TRUE,  NOW(), NOW(), NOW(), 'https://picsum.photos/seed/PL048/200'),
(49, 'PL049', 'Old School Hip',      'Old school Thai hip-hop',TRUE,  NOW(), NOW(), NOW(), 'https://picsum.photos/seed/PL049/200'),
(50, 'PL050', 'Epic Ballads',        'Emotional power songs',  TRUE,  NOW(), NOW(), NOW(), 'https://picsum.photos/seed/PL050/200'),
(51, 'PL051', 'Garage Rock',         'Raw guitar energy',      FALSE, NOW(), NOW(), NOW(), 'https://picsum.photos/seed/PL051/200'),
(52, 'PL052', 'Monday Reset',        'Start the week right',   TRUE,  NOW(), NOW(), NOW(), 'https://picsum.photos/seed/PL052/200'),
(53, 'PL053', 'Tropical Vibes',      'Island feelings',        TRUE,  NOW(), NOW(), NOW(), 'https://picsum.photos/seed/PL053/200'),
(54, 'PL054', 'Singer Songwriter',   'Personal stories',       FALSE, NOW(), NOW(), NOW(), 'https://picsum.photos/seed/PL054/200'),
(55, 'PL055', 'Debut Gold',          'Best debut albums',      TRUE,  NOW(), NOW(), NOW(), 'https://picsum.photos/seed/PL055/200'),
(56, 'PL056', 'Luk Thung Glory',     'Thai country classics',  TRUE,  NOW(), NOW(), NOW(), 'https://picsum.photos/seed/PL056/200'),
(57, 'PL057', 'Generation Z',        'Gen Z Thai anthems',     TRUE,  NOW(), NOW(), NOW(), 'https://picsum.photos/seed/PL057/200'),
(58, 'PL058', 'Underground Scene',   'Underground Thai rap',   FALSE, NOW(), NOW(), NOW(), 'https://picsum.photos/seed/PL058/200'),
(59, 'PL059', 'Pop Perfection',      'Pure pop pleasure',      TRUE,  NOW(), NOW(), NOW(), 'https://picsum.photos/seed/PL059/200'),
(60, 'PL060', 'Admin Featured',      'Curated by admin',       TRUE,  NOW(), NOW(), NOW(), 'https://picsum.photos/seed/PL060/200');

-- =============================================
-- 15. playlist_items  (sample: 6–10 items per first 10 playlists)
-- =============================================
INSERT INTO playlist_items (playlist_id, sequence_no, music_id, added_at) VALUES
-- PL001 (24 songs shown in UI)
(1,1,1,NOW()),(1,2,4,NOW()),(1,3,7,NOW()),(1,4,11,NOW()),(1,5,16,NOW()),
(1,6,18,NOW()),(1,7,20,NOW()),(1,8,27,NOW()),(1,9,30,NOW()),(1,10,33,NOW()),
(1,11,2,NOW()),(1,12,5,NOW()),(1,13,8,NOW()),(1,14,13,NOW()),(1,15,14,NOW()),
(1,16,22,NOW()),(1,17,31,NOW()),(1,18,32,NOW()),(1,19,38,NOW()),(1,20,41,NOW()),
(1,21,42,NOW()),(1,22,50,NOW()),(1,23,54,NOW()),(1,24,57,NOW()),
-- PL002 (8 songs)
(2,1,6,NOW()),(2,2,3,NOW()),(2,3,17,NOW()),(2,4,33,NOW()),
(2,5,44,NOW()),(2,6,58,NOW()),(2,7,59,NOW()),(2,8,60,NOW()),
-- PL003 (32 songs)
(3,1,15,NOW()),(3,2,28,NOW()),(3,3,25,NOW()),(3,4,12,NOW()),(3,5,21,NOW()),
(3,6,36,NOW()),(3,7,37,NOW()),(3,8,39,NOW()),(3,9,40,NOW()),(3,10,41,NOW()),
(3,11,47,NOW()),(3,12,52,NOW()),(3,13,53,NOW()),(3,14,55,NOW()),(3,15,26,NOW()),
(3,16,28,NOW()),(3,17,29,NOW()),(3,18,30,NOW()),(3,19,34,NOW()),(3,20,35,NOW()),
(3,21,43,NOW()),(3,22,45,NOW()),(3,23,46,NOW()),(3,24,48,NOW()),(3,25,49,NOW()),
(3,26,50,NOW()),(3,27,51,NOW()),(3,28,54,NOW()),(3,29,56,NOW()),(3,30,57,NOW()),
(3,31,58,NOW()),(3,32,60,NOW()),
-- PL004 (10 songs)
(4,1,7,NOW()),(4,2,8,NOW()),(4,3,10,NOW()),(4,4,14,NOW()),(4,5,16,NOW()),
(4,6,19,NOW()),(4,7,22,NOW()),(4,8,27,NOW()),(4,9,34,NOW()),(4,10,46,NOW()),
-- PL005 (20 songs)
(5,1,2,NOW()),(5,2,4,NOW()),(5,3,9,NOW()),(5,4,11,NOW()),(5,5,13,NOW()),
(5,6,16,NOW()),(5,7,18,NOW()),(5,8,23,NOW()),(5,9,29,NOW()),(5,10,31,NOW()),
(5,11,32,NOW()),(5,12,33,NOW()),(5,13,37,NOW()),(5,14,41,NOW()),(5,15,42,NOW()),
(5,16,43,NOW()),(5,17,44,NOW()),(5,18,49,NOW()),(5,19,54,NOW()),(5,20,57,NOW()),
-- PL006 (15 songs)
(6,1,15,NOW()),(6,2,20,NOW()),(6,3,25,NOW()),(6,4,28,NOW()),(6,5,30,NOW()),
(6,6,36,NOW()),(6,7,37,NOW()),(6,8,39,NOW()),(6,9,40,NOW()),(6,10,41,NOW()),
(6,11,47,NOW()),(6,12,52,NOW()),(6,13,53,NOW()),(6,14,55,NOW()),(6,15,26,NOW()),
-- PL007-PL010 smaller sets
(7,1,5,NOW()),(7,2,11,NOW()),(7,3,12,NOW()),(7,4,15,NOW()),(7,5,20,NOW()),
(7,6,21,NOW()),(7,7,25,NOW()),(7,8,28,NOW()),
(8,1,7,NOW()),(8,2,8,NOW()),(8,3,10,NOW()),(8,4,14,NOW()),(8,5,16,NOW()),
(8,6,19,NOW()),(8,7,22,NOW()),(8,8,27,NOW()),(8,9,34,NOW()),(8,10,46,NOW()),
(9,1,15,NOW()),(9,2,28,NOW()),(9,3,25,NOW()),(9,4,12,NOW()),(9,5,39,NOW()),
(10,1,6,NOW()),(10,2,3,NOW()),(10,3,33,NOW()),(10,4,42,NOW()),(10,5,43,NOW()),
(10,6,44,NOW()),(10,7,58,NOW()),(10,8,60,NOW());

-- =============================================
-- 16. librarys  (one per user, first 30)
-- =============================================
INSERT INTO librarys (user_id, total_albums, total_artists, total_playlists, updated_at) VALUES
(1,5,4,3,NOW()),(2,3,3,2,NOW()),(3,4,2,2,NOW()),(4,2,2,1,NOW()),(5,6,5,3,NOW()),
(6,3,2,2,NOW()),(7,4,3,2,NOW()),(8,2,2,1,NOW()),(9,3,3,2,NOW()),(10,5,4,2,NOW()),
(11,4,3,2,NOW()),(12,2,2,1,NOW()),(13,3,2,2,NOW()),(14,4,3,1,NOW()),(15,2,2,2,NOW()),
(16,5,4,2,NOW()),(17,3,3,2,NOW()),(18,4,3,1,NOW()),(19,2,2,2,NOW()),(20,6,5,2,NOW()),
(21,3,2,2,NOW()),(22,4,4,2,NOW()),(23,3,3,1,NOW()),(24,2,2,2,NOW()),(25,4,3,2,NOW()),
(26,3,2,1,NOW()),(27,5,4,2,NOW()),(28,2,2,2,NOW()),(29,3,3,2,NOW()),(30,4,3,1,NOW());

-- =============================================
-- 17. library_albums
-- =============================================
INSERT INTO library_albums (album_id, user_id, added_at) VALUES
(1,1,NOW()),(2,1,NOW()),(3,1,NOW()),(4,1,NOW()),(5,1,NOW()),
(1,2,NOW()),(6,2,NOW()),(7,2,NOW()),
(2,3,NOW()),(3,3,NOW()),(8,3,NOW()),(9,3,NOW()),
(4,4,NOW()),(10,4,NOW()),
(5,5,NOW()),(1,5,NOW()),(11,5,NOW()),(12,5,NOW()),(13,5,NOW()),(14,5,NOW()),
(6,6,NOW()),(15,6,NOW()),(16,6,NOW()),
(7,7,NOW()),(17,7,NOW()),(18,7,NOW()),(19,7,NOW()),
(8,8,NOW()),(20,8,NOW()),
(9,9,NOW()),(21,9,NOW()),(22,9,NOW()),
(10,10,NOW()),(23,10,NOW()),(24,10,NOW()),(25,10,NOW()),(26,10,NOW()),(27,10,NOW());

-- =============================================
-- 18. library_artist
-- =============================================
INSERT INTO library_artist (artist_id, user_id, followed_at) VALUES
(1,1,NOW()),(2,1,NOW()),(3,1,NOW()),(4,1,NOW()),
(1,2,NOW()),(5,2,NOW()),(6,2,NOW()),
(2,3,NOW()),(7,3,NOW()),
(3,4,NOW()),(8,4,NOW()),
(4,5,NOW()),(5,5,NOW()),(1,5,NOW()),(2,5,NOW()),(6,5,NOW()),
(6,6,NOW()),(7,6,NOW()),
(7,7,NOW()),(8,7,NOW()),(9,7,NOW()),
(1,8,NOW()),(10,8,NOW()),
(11,9,NOW()),(12,9,NOW()),(13,9,NOW()),
(1,10,NOW()),(2,10,NOW()),(3,10,NOW()),(4,10,NOW());

-- =============================================
-- 19. library_playlist
-- =============================================
INSERT INTO library_playlist (playlist_id, user_id, saved_at, is_owner) VALUES
(1,1,NOW(),TRUE),(2,1,NOW(),FALSE),(5,1,NOW(),FALSE),
(2,6,NOW(),TRUE),(1,6,NOW(),FALSE),
(3,5,NOW(),TRUE),(1,5,NOW(),FALSE),(5,5,NOW(),FALSE),
(4,3,NOW(),TRUE),
(5,2,NOW(),TRUE),(6,2,NOW(),TRUE),(1,2,NOW(),FALSE),
(7,7,NOW(),TRUE),(1,7,NOW(),FALSE),
(8,8,NOW(),TRUE),
(9,9,NOW(),TRUE),
(10,10,NOW(),TRUE),(1,10,NOW(),FALSE);

-- =============================================
-- 20. listen_history  (Expanded to 400+ rows for analytics)
-- =============================================
INSERT INTO listen_history (user_id, music_id, played_at, duration_played) VALUES
(1,1,'2025-05-01 08:00:00',215),(1,4,'2025-05-01 08:04:00',272),
(1,7,'2025-05-01 08:09:00',254),(2,2,'2025-05-01 09:00:00',238),
(2,5,'2025-05-01 09:04:00',185),(3,3,'2025-05-01 10:00:00',198),
(3,6,'2025-05-01 10:04:00',221),(4,8,'2025-05-01 11:00:00',263),
(4,9,'2025-05-02 11:05:00',207),(5,10,'2025-05-02 12:00:00',241),
(5,11,'2025-05-02 12:04:00',228),(6,12,'2025-05-02 13:00:00',195),
(6,13,'2025-05-02 13:04:00',310),(7,14,'2025-05-02 14:00:00',222),
(7,15,'2025-05-02 14:04:00',178),(8,16,'2025-05-02 15:00:00',257),
(8,17,'2025-05-03 15:05:00',203),(9,18,'2025-05-03 16:00:00',286),
(9,19,'2025-05-03 16:05:00',175),(10,20,'2025-05-03 17:00:00',234),
(1,18,'2025-05-03 08:00:00',286),(1,33,'2025-05-03 08:05:00',217),
(2,7,'2025-05-03 09:00:00',254),(2,27,'2025-05-03 09:05:00',269),
(3,16,'2025-05-04 10:00:00',257),(4,4,'2025-05-04 11:00:00',272),
(5,3,'2025-05-04 12:00:00',198),(6,42,'2025-05-04 13:00:00',208),
(7,43,'2025-05-04 14:00:00',195),(8,44,'2025-05-04 15:00:00',235),
(9,57,'2025-05-04 16:00:00',312),(10,48,'2025-05-04 17:00:00',277),
(11,33,'2025-05-05 08:00:00',217),(12,6,'2025-05-05 09:00:00',221),
(13,3,'2025-05-05 10:00:00',198),(14,18,'2025-05-05 11:00:00',286),
(15,7,'2025-05-05 12:00:00',254),(16,4,'2025-05-05 13:00:00',272),
(17,27,'2025-05-05 14:00:00',269),(18,8,'2025-05-05 15:00:00',263),
(19,16,'2025-05-06 16:00:00',257),(20,13,'2025-05-06 17:00:00',310),
(21,44,'2025-05-06 08:00:00',235),(22,42,'2025-05-06 09:00:00',208),
(23,43,'2025-05-06 10:00:00',195),(24,6,'2025-05-06 11:00:00',221),
(25,55,'2025-05-06 12:00:00',197),(26,33,'2025-05-06 13:00:00',217),
(27,60,'2025-05-06 14:00:00',175),(28,58,'2025-05-06 15:00:00',193),
(29,59,'2025-05-07 16:00:00',186),(30,44,'2025-05-07 17:00:00',235),
(1,6,'2025-05-07 08:00:00',221),(2,44,'2025-05-07 09:00:00',235),
(3,42,'2025-05-07 10:00:00',208),(4,43,'2025-05-07 11:00:00',195),
(5,55,'2025-05-07 12:00:00',197),(6,60,'2025-05-07 13:00:00',175),
(7,58,'2025-05-07 14:00:00',193),(8,59,'2025-05-07 15:00:00',186),
(9,33,'2025-05-07 16:00:00',217),(10,6,'2025-05-07 17:00:00',221);

-- Bulk History Boost (M033, M003, M006, M044, M060, M018, M007)
INSERT INTO listen_history (user_id, music_id, played_at, duration_played) VALUES
(11,33,'2025-05-08 10:00:00',217),(12,33,'2025-05-08 10:05:00',217),(13,33,'2025-05-08 10:10:00',217),(14,33,'2025-05-08 10:15:00',217),(15,33,'2025-05-08 10:20:00',217),
(16,33,'2025-05-08 11:00:00',217),(17,33,'2025-05-08 11:05:00',217),(18,33,'2025-05-08 11:10:00',217),(19,33,'2025-05-08 11:15:00',217),(20,33,'2025-05-08 11:20:00',217),
(21,3,'2025-05-08 12:00:00',198),(22,3,'2025-05-08 12:05:00',198),(23,3,'2025-05-08 12:10:00',198),(24,3,'2025-05-08 12:15:00',198),(25,3,'2025-05-08 12:20:00',198),
(26,6,'2025-05-08 13:00:00',221),(27,6,'2025-05-08 13:05:00',221),(28,6,'2025-05-08 13:10:00',221),(29,6,'2025-05-08 13:15:00',221),(30,6,'2025-05-08 13:20:00',221),
(31,44,'2025-05-09 09:00:00',235),(32,44,'2025-05-09 09:05:00',235),(33,44,'2025-05-09 09:10:00',235),(34,44,'2025-05-09 09:15:00',235),(35,44,'2025-05-09 09:20:00',235),
(36,60,'2025-05-09 10:00:00',175),(37,60,'2025-05-09 10:05:00',175),(38,60,'2025-05-09 10:10:00',175),(39,60,'2025-05-09 10:15:00',175),(40,60,'2025-05-09 10:20:00',175),
(41,18,'2025-05-09 11:00:00',286),(42,18,'2025-05-09 11:05:00',286),(43,18,'2025-05-09 11:10:00',286),(44,18,'2025-05-09 11:15:00',286),(45,18,'2025-05-09 11:20:00',286),
(46,7,'2025-05-10 08:00:00',254),(47,7,'2025-05-10 08:05:00',254),(48,7,'2025-05-10 08:10:00',254),(49,7,'2025-05-10 08:15:00',254),(50,7,'2025-05-10 08:20:00',254),
(1,33,'2025-06-01 08:00:00',217),(2,33,'2025-06-01 08:30:00',217),(3,33,'2025-06-01 09:00:00',217),(4,33,'2025-06-01 09:30:00',217),(5,33,'2025-06-01 10:00:00',217),
(6,3,'2025-06-02 08:00:00',198),(7,3,'2025-06-02 08:30:00',198),(8,3,'2025-06-02 09:00:00',198),(9,3,'2025-06-02 09:30:00',198),(10,3,'2025-06-02 10:00:00',198),
(11,6,'2025-06-03 08:00:00',221),(12,6,'2025-06-03 08:30:00',221),(13,6,'2025-06-03 09:00:00',221),(14,6,'2025-06-03 09:30:00',221),(15,6,'2025-06-03 10:00:00',221),
(16,42,'2025-06-04 08:00:00',208),(17,42,'2025-06-04 08:30:00',208),(18,42,'2025-06-04 09:00:00',208),(19,42,'2025-06-04 09:30:00',208),(20,42,'2025-06-04 10:00:00',208),
(21,43,'2025-06-05 08:00:00',195),(22,43,'2025-06-05 08:30:00',195),(23,43,'2025-06-05 09:00:00',195),(24,43,'2025-06-05 09:30:00',195),(25,43,'2025-06-05 10:00:00',195),
(26,44,'2025-06-06 08:00:00',235),(27,44,'2025-06-06 08:30:00',235),(28,44,'2025-06-06 09:00:00',235),(29,44,'2025-06-06 09:30:00',235),(30,44,'2025-06-06 10:00:00',235),
(31,55,'2025-06-07 08:00:00',197),(32,55,'2025-06-07 08:30:00',197),(33,55,'2025-06-07 09:00:00',197),(34,55,'2025-06-07 09:30:00',197),(35,55,'2025-06-07 10:00:00',197),
(36,58,'2025-06-08 08:00:00',193),(37,58,'2025-06-08 08:30:00',193),(38,58,'2025-06-08 09:00:00',193),(39,58,'2025-06-08 09:30:00',193),(40,58,'2025-06-08 10:00:00',193),
(41,59,'2025-06-09 08:00:00',186),(42,59,'2025-06-09 08:30:00',186),(43,59,'2025-06-09 09:00:00',186),(44,59,'2025-06-09 09:30:00',186),(45,59,'2025-06-09 10:00:00',186),
(46,60,'2025-06-10 08:00:00',175),(47,60,'2025-06-10 08:30:00',175),(48,60,'2025-06-10 09:00:00',175),(49,60,'2025-06-10 09:30:00',175),(50,60,'2025-06-10 10:00:00',175),
-- July 2025 (M033 Dominating)
(1,33,'2025-07-01 12:00:00',217),(2,33,'2025-07-01 12:15:00',217),(3,33,'2025-07-01 12:30:00',217),(4,33,'2025-07-01 12:45:00',217),(5,33,'2025-07-01 13:00:00',217),
(6,33,'2025-07-02 12:00:00',217),(7,33,'2025-07-02 12:15:00',217),(8,33,'2025-07-02 12:30:00',217),(9,33,'2025-07-02 12:45:00',217),(10,33,'2025-07-02 13:00:00',217),
(11,33,'2025-07-03 12:00:00',217),(12,33,'2025-07-03 12:15:00',217),(13,33,'2025-07-03 12:30:00',217),(14,33,'2025-07-03 12:45:00',217),(15,33,'2025-07-03 13:00:00',217),
(16,3,'2025-07-04 12:00:00',198),(17,3,'2025-07-04 12:15:00',198),(18,3,'2025-07-04 12:30:00',198),(19,3,'2025-07-04 12:45:00',198),(20,3,'2025-07-04 13:00:00',198),
-- Aug-Dec 2025 (Steady growth)
(1,6,'2025-08-15 15:00:00',221),(10,6,'2025-08-15 15:30:00',221),(20,6,'2025-08-15 16:00:00',221),(30,6,'2025-08-15 16:30:00',221),(40,6,'2025-08-15 17:00:00',221),
(1,44,'2025-09-10 10:00:00',235),(11,44,'2025-09-10 10:30:00',235),(21,44,'2025-09-10 11:00:00',235),(31,44,'2025-09-10 11:30:00',235),(41,44,'2025-09-10 12:00:00',235),
(2,60,'2025-10-05 14:00:00',175),(12,60,'2025-10-05 14:30:00',175),(22,60,'2025-10-05 15:00:00',175),(32,60,'2025-10-05 15:30:00',175),(42,60,'2025-10-05 16:00:00',175),
(3,18,'2025-11-20 09:00:00',286),(13,18,'2025-11-20 09:30:00',286),(23,18,'2025-11-20 10:00:00',286),(33,18,'2025-11-20 10:30:00',286),(43,18,'2025-11-20 11:00:00',286),
(4,7,'2025-12-25 18:00:00',254),(14,7,'2025-12-25 18:30:00',254),(24,7,'2025-12-25 19:00:00',254),(34,7,'2025-12-25 19:30:00',254),(44,7,'2025-12-25 20:00:00',254),
-- 2026 Fresh Starts
(5,33,'2026-01-01 00:01:00',217),(15,33,'2026-01-01 00:05:00',217),(25,33,'2026-01-01 00:10:00',217),(35,33,'2026-01-01 00:15:00',217),(45,33,'2026-01-01 00:20:00',217),
(6,3,'2026-02-14 20:00:00',198),(16,3,'2026-02-14 20:30:00',198),(26,3,'2026-02-14 21:00:00',198),(36,3,'2026-02-14 21:30:00',198),(46,3,'2026-02-14 22:00:00',198),
(7,6,'2026-03-15 10:00:00',221),(17,6,'2026-03-15 10:30:00',221),(27,6,'2026-03-15 11:00:00',221),(37,6,'2026-03-15 11:30:00',221),(47,6,'2026-03-15 12:00:00',221),
(8,44,'2026-04-10 14:00:00',235),(18,44,'2026-04-10 14:30:00',235),(28,44,'2026-04-10 15:00:00',235),(38,44,'2026-04-10 15:30:00',235),(48,44,'2026-04-10 16:00:00',235),
(9,60,'2026-05-01 09:00:00',175),(19,60,'2026-05-01 09:30:00',175),(29,60,'2026-05-01 10:00:00',175),(39,60,'2026-05-01 10:30:00',175),(49,60,'2026-05-01 11:00:00',175),
-- Last week focus (May 4 - May 11, 2026)
(1,33,'2026-05-04 08:00:00',217),(2,3,'2026-05-04 09:00:00',198),(3,6,'2026-05-04 10:00:00',221),(4,44,'2026-05-04 11:00:00',235),(5,60,'2026-05-04 12:00:00',175),
(6,33,'2026-05-05 08:00:00',217),(7,3,'2026-05-05 09:00:00',198),(8,6,'2026-05-05 10:00:00',221),(9,44,'2026-05-05 11:00:00',235),(10,60,'2026-05-05 12:00:00',175),
(11,33,'2026-05-06 08:00:00',217),(12,3,'2026-05-06 09:00:00',198),(13,6,'2026-05-06 10:00:00',221),(14,44,'2026-05-06 11:00:00',235),(15,60,'2026-05-06 12:00:00',175),
(16,33,'2026-05-07 08:00:00',217),(17,3,'2026-05-07 09:00:00',198),(18,6,'2026-05-07 10:00:00',221),(19,44,'2026-05-07 11:00:00',235),(20,60,'2026-05-07 12:00:00',175),
(21,33,'2026-05-08 08:00:00',217),(22,3,'2026-05-08 09:00:00',198),(23,6,'2026-05-08 10:00:00',221),(24,44,'2026-05-08 11:00:00',235),(25,60,'2026-05-08 12:00:00',175),
(26,33,'2026-05-09 08:00:00',217),(27,3,'2026-05-09 09:00:00',198),(28,6,'2026-05-09 10:00:00',221),(29,44,'2026-05-09 11:00:00',235),(30,60,'2026-05-09 12:00:00',175),
(31,33,'2026-05-10 08:00:00',217),(32,3,'2026-05-10 09:00:00',198),(33,6,'2026-05-10 10:00:00',221),(34,44,'2026-05-10 11:00:00',235),(35,60,'2026-05-10 12:00:00',175),
(36,33,'2026-05-11 08:00:00',217),(37,3,'2026-05-11 09:00:00',198),(38,6,'2026-05-11 10:00:00',221),(39,44,'2026-05-11 11:00:00',235),(40,60,'2026-05-11 12:00:00',175);

-- 2026 Massive Traffic Simulation (Users U030-U060, various dates Jan-May 2026)
INSERT INTO listen_history (user_id, music_id, played_at, duration_played) VALUES
(31,12,'2026-01-15 10:00:00',195),(32,15,'2026-01-15 10:05:00',178),(33,21,'2026-01-15 10:10:00',192),(34,25,'2026-01-15 10:15:00',199),(35,30,'2026-01-15 10:20:00',237),
(36,33,'2026-01-16 11:00:00',217),(37,36,'2026-01-16 11:05:00',213),(38,39,'2026-01-16 11:10:00',196),(39,42,'2026-01-16 11:15:00',208),(40,45,'2026-01-16 11:20:00',191),
(41,48,'2026-01-17 12:00:00',277),(42,51,'2026-01-17 12:05:00',245),(43,54,'2026-01-17 12:10:00',240),(44,57,'2026-01-17 12:15:00',312),(45,60,'2026-01-17 12:20:00',175),
(46,1,'2026-01-18 13:00:00',215),(47,4,'2026-01-18 13:05:00',272),(48,7,'2026-01-18 13:10:00',254),(49,10,'2026-01-18 13:15:00',241),(50,13,'2026-01-18 13:20:00',310),
(51,16,'2026-01-19 14:00:00',257),(52,19,'2026-01-19 14:05:00',175),(53,22,'2026-01-19 14:10:00',188),(54,25,'2026-01-19 14:15:00',199),(55,28,'2026-01-19 14:20:00',207),
(56,31,'2026-01-20 15:00:00',225),(57,34,'2026-01-20 15:05:00',253),(58,37,'2026-01-20 15:10:00',230),(59,40,'2026-01-20 15:15:00',188),(60,43,'2026-01-20 15:20:00',195),
(31,33,'2026-02-01 08:00:00',217),(32,33,'2026-02-01 08:30:00',217),(33,33,'2026-02-01 09:00:00',217),(34,33,'2026-02-01 09:30:00',217),(35,33,'2026-02-01 10:00:00',217),
(36,6,'2026-02-02 08:00:00',221),(37,6,'2026-02-02 08:30:00',221),(38,6,'2026-02-02 09:00:00',221),(39,6,'2026-02-02 09:30:00',221),(40,6,'2026-02-02 10:00:00',221),
(41,44,'2026-02-03 08:00:00',235),(42,44,'2026-02-03 08:30:00',235),(43,44,'2026-02-03 09:00:00',235),(44,44,'2026-02-03 09:30:00',235),(45,44,'2026-02-03 10:00:00',235),
(46,60,'2026-02-04 08:00:00',175),(47,60,'2026-02-04 08:30:00',175),(48,60,'2026-02-04 09:00:00',175),(49,60,'2026-02-04 09:30:00',175),(50,60,'2026-02-04 10:00:00',175),
(51,3,'2026-02-05 08:00:00',198),(52,3,'2026-02-05 08:30:00',198),(53,3,'2026-02-05 09:00:00',198),(54,3,'2026-02-05 09:30:00',198),(55,3,'2026-02-05 10:00:00',198),
(56,18,'2026-02-06 08:00:00',286),(57,18,'2026-02-06 08:30:00',286),(58,18,'2026-02-06 09:00:00',286),(59,18,'2026-02-06 09:30:00',286),(60,18,'2026-02-06 10:00:00',286),
(31,7,'2026-03-10 14:00:00',254),(32,8,'2026-03-10 14:30:00',263),(33,14,'2026-03-10 15:00:00',222),(34,16,'2026-03-10 15:30:00',257),(35,27,'2026-03-10 16:00:00',269),
(36,33,'2026-03-11 14:00:00',217),(37,33,'2026-03-11 14:30:00',217),(38,33,'2026-03-11 15:00:00',217),(39,33,'2026-03-11 15:30:00',217),(40,33,'2026-03-11 16:00:00',217),
(41,6,'2026-03-12 14:00:00',221),(42,6,'2026-03-12 14:30:00',221),(43,6,'2026-03-12 15:00:00',221),(44,6,'2026-03-12 15:30:00',221),(45,6,'2026-03-12 16:00:00',221),
(46,44,'2026-03-13 14:00:00',235),(47,44,'2026-03-13 14:30:00',235),(48,44,'2026-03-13 15:00:00',235),(49,44,'2026-03-13 15:30:00',235),(50,44,'2026-03-13 16:00:00',235),
(51,60,'2026-03-14 14:00:00',175),(52,60,'2026-03-14 14:30:00',175),(53,60,'2026-03-14 15:00:00',175),(54,60,'2026-03-14 15:30:00',175),(55,60,'2026-03-14 16:00:00',175),
(56,3,'2026-03-15 14:00:00',198),(57,3,'2026-03-15 14:30:00',198),(58,3,'2026-03-15 15:00:00',198),(59,3,'2026-03-15 15:30:00',198),(60,3,'2026-03-15 16:00:00',198),
-- April Peak
(31,33,'2026-04-01 10:00:00',217),(32,33,'2026-04-02 10:00:00',217),(33,33,'2026-04-03 10:00:00',217),(34,33,'2026-04-04 10:00:00',217),(35,33,'2026-04-05 10:00:00',217),
(36,33,'2026-04-06 10:00:00',217),(37,33,'2026-04-07 10:00:00',217),(38,33,'2026-04-08 10:00:00',217),(39,33,'2026-04-09 10:00:00',217),(40,33,'2026-04-10 10:00:00',217),
(41,33,'2026-04-11 10:00:00',217),(42,33,'2026-04-12 10:00:00',217),(43,33,'2026-04-13 10:00:00',217),(44,33,'2026-04-14 10:00:00',217),(45,33,'2026-04-15 10:00:00',217),
(46,6,'2026-04-01 11:00:00',221),(47,6,'2026-04-02 11:00:00',221),(48,6,'2026-04-03 11:00:00',221),(49,6,'2026-04-04 11:00:00',221),(50,6,'2026-04-05 11:00:00',221),
(51,6,'2026-04-06 11:00:00',221),(52,6,'2026-04-07 11:00:00',221),(53,6,'2026-04-08 11:00:00',221),(54,6,'2026-04-09 11:00:00',221),(55,6,'2026-04-10 11:00:00',221),
(56,6,'2026-04-11 11:00:00',221),(57,6,'2026-04-12 11:00:00',221),(58,6,'2026-04-13 11:00:00',221),(59,6,'2026-04-14 11:00:00',221),(60,6,'2026-04-15 11:00:00',221),
-- Final week flood (May 5-11, 2026)
(20,33,'2026-05-05 18:00:00',217),(21,33,'2026-05-05 18:05:00',217),(22,33,'2026-05-05 18:10:00',217),(23,33,'2026-05-05 18:15:00',217),(24,33,'2026-05-05 18:20:00',217),
(25,33,'2026-05-06 18:00:00',217),(26,33,'2026-05-06 18:05:00',217),(27,33,'2026-05-06 18:10:00',217),(28,33,'2026-05-06 18:15:00',217),(29,33,'2026-05-06 18:20:00',217),
(30,33,'2026-05-07 18:00:00',217),(31,33,'2026-05-07 18:05:00',217),(32,33,'2026-05-07 18:10:00',217),(33,33,'2026-05-07 18:15:00',217),(34,33,'2026-05-07 18:20:00',217),
(35,3,'2026-05-08 19:00:00',198),(36,3,'2026-05-08 19:05:00',198),(37,3,'2026-05-08 19:10:00',198),(38,3,'2026-05-08 19:15:00',198),(39,3,'2026-05-08 19:20:00',198),
(40,6,'2026-05-09 20:00:00',221),(41,6,'2026-05-09 20:05:00',221),(42,6,'2026-05-09 20:10:00',221),(43,6,'2026-05-09 20:15:00',221),(44,6,'2026-05-09 20:20:00',221),
(45,44,'2026-05-10 21:00:00',235),(46,44,'2026-05-10 21:05:00',235),(47,44,'2026-05-10 21:10:00',235),(48,44,'2026-05-10 21:15:00',235),(49,44,'2026-05-10 21:20:00',235),
(50,60,'2026-05-11 15:00:00',175),(51,60,'2026-05-11 15:05:00',175),(52,60,'2026-05-11 15:10:00',175),(53,60,'2026-05-11 15:15:00',175),(54,60,'2026-05-11 15:20:00',175);

-- =============================================
-- 21. user_activity_log  (Expanded for analytics)
-- =============================================
INSERT INTO user_activity_log (user_id, music_id, action_type, created_at) VALUES
(1,1,'play','2025-05-01 08:00:00'),(1,4,'play','2025-05-01 08:04:00'),
(1,7,'like','2025-05-01 08:09:00'),(2,2,'play','2025-05-01 09:00:00'),
(2,5,'play','2025-05-01 09:04:00'),(3,3,'play','2025-05-01 10:00:00'),
(3,6,'like','2025-05-01 10:04:00'),(4,8,'play','2025-05-01 11:00:00'),
(4,9,'skip','2025-05-02 11:05:00'),(5,10,'play','2025-05-02 12:00:00'),
(5,11,'like','2025-05-02 12:04:00'),(6,12,'play','2025-05-02 13:00:00'),
(6,13,'play','2025-05-02 13:04:00'),(7,14,'play','2025-05-02 14:00:00'),
(7,15,'skip','2025-05-02 14:04:00'),(8,16,'play','2025-05-02 15:00:00'),
(8,17,'like','2025-05-03 15:05:00'),(9,18,'play','2025-05-03 16:00:00'),
(9,19,'stop','2025-05-03 16:05:00'),(10,20,'play','2025-05-03 17:00:00'),
(1,18,'like','2025-05-03 08:00:00'),(1,33,'play','2025-05-03 08:05:00'),
(2,7,'play','2025-05-03 09:00:00'),(2,27,'like','2025-05-03 09:05:00'),
(3,16,'play','2025-05-04 10:00:00'),(4,4,'like','2025-05-04 11:00:00'),
(5,3,'play','2025-05-04 12:00:00'),(6,42,'play','2025-05-04 13:00:00'),
(7,43,'like','2025-05-04 14:00:00'),(8,44,'play','2025-05-04 15:00:00'),
(9,57,'play','2025-05-04 16:00:00'),(10,48,'like','2025-05-04 17:00:00'),
(11,33,'play','2025-05-05 08:00:00'),(12,6,'play','2025-05-05 09:00:00'),
(13,3,'like','2025-05-05 10:00:00'),(14,18,'play','2025-05-05 11:00:00'),
(15,7,'play','2025-05-05 12:00:00'),(16,4,'like','2025-05-05 13:00:00'),
(17,27,'play','2025-05-05 14:00:00'),(18,8,'play','2025-05-05 15:00:00'),
(19,16,'stop','2025-05-06 16:00:00'),(20,13,'play','2025-05-06 17:00:00'),
(21,44,'play','2025-05-06 08:00:00'),(22,42,'like','2025-05-06 09:00:00'),
(23,43,'play','2025-05-06 10:00:00'),(24,6,'play','2025-05-06 11:00:00'),
(25,55,'like','2025-05-06 12:00:00'),(26,33,'play','2025-05-06 13:00:00'),
(27,60,'skip','2025-05-06 14:00:00'),(28,58,'play','2025-05-06 15:00:00'),
(29,59,'like','2025-05-07 16:00:00'),(30,44,'play','2025-05-07 17:00:00'),
(1,6,'play','2025-05-07 08:00:00'),(2,44,'like','2025-05-07 09:00:00'),
(3,42,'play','2025-05-07 10:00:00'),(4,43,'skip','2025-05-07 11:00:00'),
(5,55,'play','2025-05-07 12:00:00'),(6,60,'play','2025-05-07 13:00:00'),
(7,58,'like','2025-05-07 14:00:00'),(8,59,'play','2025-05-07 15:00:00');

-- Bulk Activity Log Boost
INSERT INTO user_activity_log (user_id, music_id, action_type, created_at) VALUES
(11,33,'play','2025-05-08 10:00:00'),(12,33,'play','2025-05-08 10:05:00'),(13,33,'like','2025-05-08 10:10:00'),(14,33,'play','2025-05-08 10:15:00'),(15,33,'play','2025-05-08 10:20:00'),
(16,33,'like','2025-05-08 11:00:00'),(17,33,'play','2025-05-08 11:05:00'),(18,33,'play','2025-05-08 11:10:00'),(19,33,'like','2025-05-08 11:15:00'),(20,33,'play','2025-05-08 11:20:00'),
(21,3,'play','2025-05-08 12:00:00'),(22,3,'like','2025-05-08 12:05:00'),(23,3,'play','2025-05-08 12:10:00'),(24,3,'play','2025-05-08 12:15:00'),(25,3,'like','2025-05-08 12:20:00'),
(26,6,'play','2025-05-08 13:00:00'),(27,6,'play','2025-05-08 13:05:00'),(28,6,'like','2025-05-08 13:10:00'),(29,6,'play','2025-05-08 13:15:00'),(30,6,'play','2025-05-08 13:20:00'),
(31,44,'like','2025-05-09 09:00:00'),(32,44,'play','2025-05-09 09:05:00'),(33,44,'play','2025-05-09 09:10:00'),(34,44,'like','2025-05-09 09:15:00'),(35,44,'play','2025-05-09 09:20:00'),
(36,60,'play','2025-05-09 10:00:00'),(37,60,'like','2025-05-09 10:05:00'),(38,60,'play','2025-05-09 10:10:00'),(39,60,'play','2025-05-09 10:15:00'),(40,60,'like','2025-05-09 10:20:00'),
(41,18,'play','2025-05-09 11:00:00'),(42,18,'play','2025-05-09 11:05:00'),(43,18,'like','2025-05-09 11:10:00'),(44,18,'play','2025-05-09 11:15:00'),(45,18,'play','2025-05-09 11:20:00'),
(46,7,'like','2025-05-10 08:00:00'),(47,7,'play','2025-05-10 08:05:00'),(48,7,'play','2025-05-10 08:10:00'),(49,7,'like','2025-05-10 08:15:00'),(50,7,'play','2025-05-10 08:20:00'),
(1,33,'like','2026-05-01 09:00:00'),(2,3,'play','2026-05-01 10:00:00'),(3,6,'like','2026-05-01 11:00:00'),(4,44,'play','2026-05-01 12:00:00'),(5,60,'like','2026-05-01 13:00:00'),
(6,33,'play','2026-05-02 09:00:00'),(7,3,'like','2026-05-02 10:00:00'),(8,6,'play','2026-05-02 11:00:00'),(9,44,'like','2026-05-02 12:00:00'),(10,60,'play','2026-05-02 13:00:00'),
(11,33,'like','2026-05-03 09:00:00'),(12,3,'play','2026-05-03 10:00:00'),(13,6,'like','2026-05-03 11:00:00'),(14,44,'play','2026-05-03 12:00:00'),(15,60,'like','2026-05-03 13:00:00'),
(1,33,'play','2026-05-11 08:00:00'),(2,3,'like','2026-05-11 09:00:00'),(3,6,'play','2026-05-11 10:00:00'),(4,44,'like','2026-05-11 11:00:00'),(5,60,'play','2026-05-11 12:00:00');

-- 2026 Activity Log Boost (Jan-May 2026)
INSERT INTO user_activity_log (user_id, music_id, action_type, created_at) VALUES
(31,33,'like','2026-01-20 10:00:00'),(32,33,'play','2026-01-20 10:05:00'),(33,6,'like','2026-01-20 10:10:00'),(34,44,'play','2026-01-20 10:15:00'),(35,60,'like','2026-01-20 10:20:00'),
(36,33,'play','2026-02-14 14:00:00'),(37,3,'like','2026-02-14 14:05:00'),(38,6,'play','2026-02-14 14:10:00'),(39,44,'like','2026-02-14 14:15:00'),(40,60,'play','2026-02-14 14:20:00'),
(41,33,'like','2026-03-15 09:00:00'),(42,3,'play','2026-03-15 09:05:00'),(43,6,'like','2026-03-15 09:10:00'),(44,44,'play','2026-03-15 09:15:00'),(45,60,'like','2026-03-15 09:20:00'),
(46,33,'play','2026-04-10 16:00:00'),(47,3,'like','2026-04-10 16:05:00'),(48,6,'play','2026-04-10 16:10:00'),(49,44,'like','2026-04-10 16:15:00'),(50,60,'play','2026-04-10 16:20:00'),
(51,33,'like','2026-05-01 08:00:00'),(52,3,'play','2026-05-01 08:05:00'),(53,6,'like','2026-05-01 08:10:00'),(54,44,'play','2026-05-01 08:15:00'),(55,60,'like','2026-05-01 08:20:00'),
(56,33,'play','2026-05-05 10:00:00'),(57,3,'like','2026-05-05 10:05:00'),(58,6,'play','2026-05-05 10:10:00'),(59,44,'like','2026-05-05 10:15:00'),(60,60,'play','2026-05-05 10:20:00');
-- =============================================
-- 22. recommend  (sample 30 rows)
-- =============================================
INSERT INTO recommend (user_id, music_id, score, reason, generate_at) VALUES
(1,33,4.5,'High play count similar genre',NOW()),
(1,42,4.0,'Trending in your region',NOW()),
(1,6,4.5,'Matches your recent listens',NOW()),
(2,7,5.0,'Top chart this month',NOW()),
(2,18,4.5,'Thai Rock fan favourite',NOW()),
(3,3,4.5,'Based on listening history',NOW()),
(3,44,4.0,'Popular this week',NOW()),
(4,8,5.0,'Classic you might have missed',NOW()),
(4,27,4.5,'Similar to your liked songs',NOW()),
(5,13,4.5,'Country & Folk recommendation',NOW()),
(5,16,4.0,'Top Thai Pop pick',NOW()),
(6,6,4.5,'Chart topper Jun 2025',NOW()),
(6,60,3.5,'New release for you',NOW()),
(7,5,4.0,'Indie recommendation',NOW()),
(7,21,3.5,'New indie discovery',NOW()),
(8,7,5.0,'Top rock of all time',NOW()),
(8,14,4.0,'Rock fan pick',NOW()),
(9,18,5.0,'Legendary Thai pop',NOW()),
(9,57,4.5,'Country classic',NOW()),
(10,4,4.5,'Based on your playlists',NOW()),
(10,33,4.0,'Indie pop trending',NOW()),
(11,44,4.5,'Rising star recommendation',NOW()),
(12,17,3.5,'Hip-hop discovery',NOW()),
(13,9,4.0,'R&B pick for you',NOW()),
(14,10,4.5,'Alternative indie gem',NOW()),
(15,11,4.0,'Getsunova fan pick',NOW()),
(16,16,4.5,'Cocktail classic',NOW()),
(17,3,4.0,'HipHop trending',NOW()),
(18,32,3.5,'Deep soul recommendation',NOW()),
(19,23,4.0,'Rising pop artist',NOW());

-- =============================================
-- 23. reviews  (sample 40 rows)
-- =============================================
INSERT INTO reviews (user_id, music_id, rating, comment, create_at) VALUES
(1,1,5,'เพลงนี้ดีมากครับ!','2025-01-01'),
(1,4,4,'ชอบมาก เนื้อเพลงดี','2025-01-02'),
(2,2,5,'คลาสสิก ฟังไม่เบื่อ','2025-01-03'),
(2,7,5,'Bodyslam ไม่มีวันตกยุค','2025-01-04'),
(3,3,4,'เพลงฮิตมากๆ ฟังติดหู','2025-01-05'),
(3,8,5,'Potato legend','2025-01-06'),
(4,9,4,'เพลงรักฟังแล้วรู้สึก','2025-01-07'),
(4,10,4,'Slot Machine เก่งมาก','2025-01-08'),
(5,5,5,'เพลงอินดี้ที่ชอบที่สุด','2025-01-09'),
(5,11,4,'กันและกัน เพราะมาก','2025-01-10'),
(6,6,5,'Three Man Down ไม่ผิดหวัง','2025-01-11'),
(6,13,5,'จาวน้ายท้องฟ้า เพราะสุดๆ','2025-01-12'),
(7,14,4,'Rise Up เพลงดี','2025-01-13'),
(7,15,3,'ดีแต่ไม่โดนใจมาก','2025-01-14'),
(8,16,5,'Cocktail ชอบมาก','2025-01-15'),
(8,18,5,'เพลงรักสุดคลาสสิก','2025-01-16'),
(9,17,3,'OK แต่ยังไม่โดน','2025-01-17'),
(9,19,4,'Punk ไทยสนุกดี','2025-01-18'),
(10,20,5,'Scrubb ยอดเยี่ยม','2025-01-19'),
(10,27,5,'ท้องฟ้าสุดอมตะ','2025-01-20'),
(11,33,5,'Lover Boy เพราะมาก','2025-02-01'),
(12,42,4,'เพลงดาวสวยงาม','2025-02-02'),
(13,43,4,'คนธรรมดา ฟังแล้วรู้สึก','2025-02-03'),
(14,44,5,'Gravity ดีมาก','2025-02-04'),
(15,6,5,'เปิดตัวเขา ชอบมาก','2025-02-05'),
(16,57,5,'ลูกทุ่งสากล คลาสสิก','2025-02-06'),
(17,48,4,'ฟ้าใหม่ดีมาก','2025-02-07'),
(18,3,5,'Dgerrard talk less!','2025-02-08'),
(19,4,5,'จดหมาย The Toy เพราะ','2025-02-09'),
(20,13,4,'ทุ่งหญ้าเพราะมาก','2025-02-10'),
(21,55,3,'Between Lights ok','2025-03-01'),
(22,60,4,'Trap Season สนุก','2025-03-02'),
(23,58,3,'Flow ธรรมดา','2025-03-03'),
(24,37,5,'Violet Sky beautiful','2025-03-04'),
(25,41,4,'Soft Rain เพราะ','2025-03-05'),
(26,32,4,'Deep Inside soul','2025-03-06'),
(27,7,5,'Bodyslam legend ever','2025-03-07'),
(28,8,5,'Potato all time fav','2025-03-08'),
(29,16,4,'Cocktail classic pop','2025-03-09'),
(30,18,5,'P Aof timeless','2025-03-10');